LOCATIONID;PERIOD;ASSET_TYPE;OPERATION;UNITPRICE;PRICE;STOCK;DEMAND
0-EU-ES-28-07-001-079-01;200606;PL;SALE;3330.188964018353;449086.5;6;88
0-EU-ES-28-07-001-079-01;200609;PL;SALE;3431.0244471327997;372673;12;91
0-EU-ES-28-07-001-079-01;200612;PL;SALE;3824.0351360595923;428086.5;21;100
0-EU-ES-28-07-001-079-01;200703;PL;SALE;4161.561264822134;416750;28;101
0-EU-ES-28-07-001-079-01;200706;PL;SALE;4470.434782608696;369750;44;103
0-EU-ES-28-07-001-079-01;200709;PL;SALE;4527.5;348173;64;105
0-EU-ES-28-07-001-079-01;200712;PL;SALE;4429.166666666666;343173;82;110
0-EU-ES-28-07-001-079-01;200803;PL;SALE;4381.884057971014;330756.5;108;113
0-EU-ES-28-07-001-079-01;200806;PL;SALE;4335.671936758894;318256.5;142;115
0-EU-ES-28-07-001-079-01;200809;PL;SALE;4345.454545454546;325875;168;113
0-EU-ES-28-07-001-079-01;200812;PL;SALE;4217.307692307692;323375;194;116
0-EU-ES-28-07-001-079-01;200903;PL;SALE;4166.075577840284;317500;234;119
0-EU-ES-28-07-001-079-01;200906;PL;SALE;4114.896917790656;312500;274;120
0-EU-ES-28-07-001-079-01;200606;PL;RENT;18.642550331475377;1156.7243527165863;10;NA
0-EU-ES-28-07-001-079-01;200609;PL;RENT;18.205615558081426;1012.6013067930758;12;NA
0-EU-ES-28-07-001-079-01;200612;PL;RENT;17.97905678669197;996.1956521739128;15;NA
0-EU-ES-28-07-001-079-01;200703;PL;RENT;17.97905678669197;1141.7934782608695;21;NA
0-EU-ES-28-07-001-079-01;200706;PL;RENT;16.10656261456596;1029.8369565217392;16;90
0-EU-ES-28-07-001-079-01;200709;PL;RENT;15.555555555555557;925;7;96
0-EU-ES-28-07-001-079-01;200712;PL;RENT;17.875;937.5;10;99
0-EU-ES-28-07-001-079-01;200803;PL;RENT;19.09722222222222;893.75;16;105
0-EU-ES-28-07-001-079-01;200806;PL;RENT;18.930555555555557;901.25;26;108
0-EU-ES-28-07-001-079-01;200809;PL;RENT;17.5;870;38;111
0-EU-ES-28-07-001-079-01;200812;PL;RENT;17.485;825;57;114
0-EU-ES-28-07-001-079-01;200903;PL;RENT;18.11;850;82;117
0-EU-ES-28-07-001-079-01;200906;PL;RENT;16.767857142857142;837.5;100;118
0-EU-ES-28-07-001-079-01;200606;UN;SALE;3062.579452811381;283761.1889253125;0;NA
0-EU-ES-28-07-001-079-01;200609;UN;SALE;2973.4096795755813;287102.1570334288;0;NA
0-EU-ES-28-07-001-079-01;200612;UN;SALE;2747.153676279265;331900.8490157947;1;NA
0-EU-ES-28-07-001-079-01;200703;UN;SALE;2626.3088108891034;330963.8053991493;1;NA
0-EU-ES-28-07-001-079-01;200706;UN;SALE;2645.543297145233;327965.2658258839;1;NA
0-EU-ES-28-07-001-079-01;200709;UN;SALE;2573.6998950331545;312972.56795955787;1;NA
0-EU-ES-28-07-001-079-01;200712;UN;SALE;2434.069318022822;295468.5932006221;2;NA
0-EU-ES-28-07-001-079-01;200803;UN;SALE;2382.3769423351123;296892.8994979232;2;NA
0-EU-ES-28-07-001-079-01;200806;UN;SALE;2434.5694338148173;297904.90660390013;3;NA
0-EU-ES-28-07-001-079-01;200809;UN;SALE;2400.607628476412;298354.68753988994;3;NA
0-EU-ES-28-07-001-079-01;200812;UN;SALE;2404.27943953224;314771.69170351716;4;NA
0-EU-ES-28-07-001-079-01;200903;UN;SALE;2473.5450487584794;334262.19892974116;4;NA
0-EU-ES-28-07-001-079-01;200906;UN;SALE;2503.954032227713;337335.70199233806;5;NA
0-EU-ES-28-07-001-079-01;200606;UN;RENT;11.781576101543838;2339.0324959696873;0;NA
0-EU-ES-28-07-001-079-01;200609;UN;RENT;12.997376901482122;2006.1191513278063;0;NA
0-EU-ES-28-07-001-079-01;200612;UN;RENT;12.997376901482122;2040.8859655285466;0;NA
0-EU-ES-28-07-001-079-01;200703;UN;RENT;12.997376901482122;2110.419593930027;0;NA
0-EU-ES-28-07-001-079-01;200706;UN;RENT;12.997376901482122;2145.1864081307667;0;NA
0-EU-ES-28-07-001-079-01;200709;UN;RENT;14.250626923509252;2269.0894161865963;0;NA
0-EU-ES-28-07-001-079-01;200712;UN;RENT;14.053613085727992;2790.1069780464377;0;NA
0-EU-ES-28-07-001-079-01;200803;UN;RENT;11.61402382165285;2790.1069780464377;0;NA
0-EU-ES-28-07-001-079-01;200806;UN;RENT;11.29987784020322;2497.9482323232332;0;NA
0-EU-ES-28-07-001-079-01;200809;UN;RENT;11.660911281570709;2959.7537878787875;0;NA
0-EU-ES-28-07-001-079-01;200812;UN;RENT;10.624698417386096;3337.594696969696;0;NA
0-EU-ES-28-07-001-079-01;200903;UN;RENT;10.036450879713971;3358.585858585858;0;NA
0-EU-ES-28-07-001-079-01;200906;UN;RENT;10.586597076083477;3463.5416666666674;0;NA
0-EU-ES-28-07-001-079-02;200606;PL;SALE;3724.089131561843;301087.25223716104;10;NA
0-EU-ES-28-07-001-079-02;200609;PL;SALE;3663.8338636022654;282531.1790376542;14;NA
0-EU-ES-28-07-001-079-02;200612;PL;SALE;3971.865610488937;314082.5934415987;12;80
0-EU-ES-28-07-001-079-02;200703;PL;SALE;4142.857142857143;302400;12;90
0-EU-ES-28-07-001-079-02;200706;PL;SALE;3929.054054054054;243600;22;95
0-EU-ES-28-07-001-079-02;200709;PL;SALE;3971.2052168447517;257075;33;97
0-EU-ES-28-07-001-079-02;200712;PL;SALE;4001.4844961240315;262675;53;102
0-EU-ES-28-07-001-079-02;200803;PL;SALE;3936.8333333333335;258820;87;107
0-EU-ES-28-07-001-079-02;200806;PL;SALE;3866.3888888888887;264520;118;107
0-EU-ES-28-07-001-079-02;200809;PL;SALE;3751.2762762762763;261312.5;136;107
0-EU-ES-28-07-001-079-02;200812;PL;SALE;3695.7207207207207;261312.5;152;109
0-EU-ES-28-07-001-079-02;200903;PL;SALE;3692.942942942943;266500;168;111
0-EU-ES-28-07-001-079-02;200906;PL;SALE;3678.2186321660006;266350;189;112
0-EU-ES-28-07-001-079-02;200606;PL;RENT;15.059607953757682;984.4462576311378;6;NA
0-EU-ES-28-07-001-079-02;200609;PL;RENT;14.706648392341487;861.7883462068733;7;NA
0-EU-ES-28-07-001-079-02;200612;PL;RENT;14.523632323459015;847.8260869565217;9;NA
0-EU-ES-28-07-001-079-02;200703;PL;RENT;14.523632323459015;971.7391304347825;13;NA
0-EU-ES-28-07-001-079-02;200706;PL;RENT;13.89988368053304;915.217391304348;18;NA
0-EU-ES-28-07-001-079-02;200709;PL;RENT;13.410694112956207;834.7826086956526;23;NA
0-EU-ES-28-07-001-079-02;200712;PL;RENT;12.677271647675802;793.4782608695654;30;NA
0-EU-ES-28-07-001-079-02;200803;PL;RENT;12.61344454792792;760;41;NA
0-EU-ES-28-07-001-079-02;200806;PL;RENT;12.008443132753317;829.5652173913044;25;66
0-EU-ES-28-07-001-079-02;200809;PL;RENT;11.365476628634523;881.25;8;92
0-EU-ES-28-07-001-079-02;200812;PL;RENT;12.480861244019138;850;12;88
0-EU-ES-28-07-001-079-02;200903;PL;RENT;12.258928571428571;820;22;101
0-EU-ES-28-07-001-079-02;200906;PL;RENT;11.486706349206349;832.75;32;102
0-EU-ES-28-07-001-079-02;200606;UN;RENT;15.366954181915427;943.0496645404749;0;NA
0-EU-ES-28-07-001-079-02;200609;UN;RENT;16.952748393654172;808.8258696481263;0;NA
0-EU-ES-28-07-001-079-02;200612;UN;RENT;16.952748393654172;822.8431321383409;0;NA
0-EU-ES-28-07-001-079-02;200703;UN;RENT;16.952748393654172;850.8776571187702;0;NA
0-EU-ES-28-07-001-079-02;200706;UN;RENT;16.952748393654172;864.8949196089848;0;NA
0-EU-ES-28-07-001-079-02;200709;UN;RENT;18.58738840285055;914.8500572070898;0;NA
0-EU-ES-28-07-001-079-02;200712;UN;RENT;18.330419166112247;1124.9135932110755;0;NA
0-EU-ES-28-07-001-079-02;200803;UN;RENT;15.148412266473155;1124.9135932110755;0;NA
0-EU-ES-28-07-001-079-02;200806;UN;RENT;14.738665144206827;1007.121212121212;0;NA
0-EU-ES-28-07-001-079-02;200809;UN;RENT;15.209568553378581;1193.3116883116886;0;NA
0-EU-ES-28-07-001-079-02;200812;UN;RENT;13.858014612768738;1345.6493506493512;0;NA
0-EU-ES-28-07-001-079-02;200903;UN;RENT;13.090751142998545;1354.1125541125543;0;NA
0-EU-ES-28-07-001-079-02;200906;UN;RENT;13.808318242688838;1396.4285714285716;0;NA
0-EU-ES-28-07-001-079-03;200606;PL;SALE;4196.791010733453;663944.75;4;79
0-EU-ES-28-07-001-079-03;200609;PL;SALE;4105.500626118068;631389.5;4;76
0-EU-ES-28-07-001-079-03;200612;PL;SALE;3923.9599284436495;531389.5;6;82
0-EU-ES-28-07-001-079-03;200703;PL;SALE;3745.316758241758;433889.5;12;95
0-EU-ES-28-07-001-079-03;200706;PL;SALE;3767.235946102579;439789.5;20;98
0-EU-ES-28-07-001-079-03;200709;PL;SALE;3760.217410840373;433394.75;26;99
0-EU-ES-28-07-001-079-03;200712;PL;SALE;4103.8101985040275;421800;36;103
0-EU-ES-28-07-001-079-03;200803;PL;SALE;4379.578733766233;42e4;48;103
0-EU-ES-28-07-001-079-03;200806;PL;SALE;4251.290877796902;41e4;55;102
0-EU-ES-28-07-001-079-03;200809;PL;SALE;4235.680406229634;406250;66;102
0-EU-ES-28-07-001-079-03;200812;PL;SALE;4127.246671289875;4e5;80;105
0-EU-ES-28-07-001-079-03;200903;PL;SALE;4057.6923076923076;396250;92;107
0-EU-ES-28-07-001-079-03;200906;PL;SALE;4024.982027318476;402500;108;108
0-EU-ES-28-07-001-079-03;200606;PL;RENT;17.792905754572864;1358.5358355309688;4;NA
0-EU-ES-28-07-001-079-03;200609;PL;RENT;17.375884525950067;1189.2679177654843;5;NA
0-EU-ES-28-07-001-079-03;200612;PL;RENT;17.1596512962938;1170;6;NA
0-EU-ES-28-07-001-079-03;200703;PL;RENT;17.159651296293795;1341;9;NA
0-EU-ES-28-07-001-079-03;200706;PL;RENT;16.422693146240807;1262.9999999999995;12;NA
0-EU-ES-28-07-001-079-03;200709;PL;RENT;15.844716355693416;1151.9999999999995;15;NA
0-EU-ES-28-07-001-079-03;200712;PL;RENT;14.978178737775902;1094.9999999999998;20;NA
0-EU-ES-28-07-001-079-03;200803;PL;RENT;15.782081022516806;1012.5;13;81
0-EU-ES-28-07-001-079-03;200806;PL;RENT;17.515841013824883;884.375;4;88
0-EU-ES-28-07-001-079-03;200809;PL;RENT;17.073195735374522;821.875;6;90
0-EU-ES-28-07-001-079-03;200812;PL;RENT;15.346045197740114;850;10;93
0-EU-ES-28-07-001-079-03;200903;PL;RENT;15.507224339739949;940.625;14;93
0-EU-ES-28-07-001-079-03;200906;PL;RENT;15.727462434978046;915.625;19;100
0-EU-ES-28-07-001-079-03;200606;UN;SALE;4440.235630984877;609589.8165685004;0;NA
0-EU-ES-28-07-001-079-03;200609;UN;SALE;4310.954150968094;616767.0494519018;0;NA
0-EU-ES-28-07-001-079-03;200612;UN;SALE;3982.9202230194487;713005.8146314024;1;NA
0-EU-ES-28-07-001-079-03;200703;UN;SALE;3807.7150780118973;710992.8112021775;1;NA
0-EU-ES-28-07-001-079-03;200706;UN;SALE;3835.6019141035313;704551.2002286585;1;NA
0-EU-ES-28-07-001-079-03;200709;UN;SALE;3731.440817608094;672343.1453610631;2;NA
0-EU-ES-28-07-001-079-03;200712;UN;SALE;3528.9994857931374;634740.2413031448;2;NA
0-EU-ES-28-07-001-079-03;200803;UN;SALE;3454.054057628614;637800.006515566;3;NA
0-EU-ES-28-07-001-079-03;200806;UN;SALE;3529.7245712949007;639974.0502191287;3;NA
0-EU-ES-28-07-001-079-03;200809;UN;SALE;3480.485548934934;640940.2918651572;4;NA
0-EU-ES-28-07-001-079-03;200812;UN;SALE;3485.8090700162775;676208.1119451749;5;NA
0-EU-ES-28-07-001-079-03;200903;UN;SALE;4006.941255478089;1004127.5632692163;4;76
0-EU-ES-28-07-001-079-03;200906;UN;SALE;4439.6551724137935;1287500;3;76
0-EU-ES-28-07-001-079-03;200606;UN;RENT;45.402450976636906;1605.6666682859575;0;NA
0-EU-ES-28-07-001-079-03;200609;UN;RENT;50.08776096748953;1377.1329211746513;0;NA
0-EU-ES-28-07-001-079-03;200612;UN;RENT;50.08776096748953;1400.9991628026783;0;NA
0-EU-ES-28-07-001-079-03;200703;UN;RENT;50.08776096748953;1448.731646058732;0;NA
0-EU-ES-28-07-001-079-03;200706;UN;RENT;50.08776096748953;1472.5978876867587;0;NA
0-EU-ES-28-07-001-079-03;200709;UN;RENT;54.91738836166303;1557.6531105100453;0;NA
0-EU-ES-28-07-001-079-03;200712;UN;RENT;54.15815962736741;1915.3140383130801;0;NA
0-EU-ES-28-07-001-079-03;200803;UN;RENT;44.756757725733294;1915.3140383130801;0;NA
0-EU-ES-28-07-001-079-03;200806;UN;RENT;43.546138925723554;1714.7569444444425;0;NA
0-EU-ES-28-07-001-079-03;200809;UN;RENT;44.93744709886907;2031.7708333333321;0;NA
0-EU-ES-28-07-001-079-03;200812;UN;RENT;40.94421195256828;2291.145833333332;0;NA
0-EU-ES-28-07-001-079-03;200903;UN;RENT;38.6772928441999;2305.555555555554;1;NA
0-EU-ES-28-07-001-079-03;200906;UN;RENT;40.79738148899307;2377.6041666666647;1;NA
0-EU-ES-28-07-001-079-04;200606;PL;SALE;4595.906835258425;528617.3469828987;10;77
0-EU-ES-28-07-001-079-04;200609;PL;SALE;4096.061363636363;451689.75;4;80
0-EU-ES-28-07-001-079-04;200612;PL;SALE;4264.412121212122;461439.75;8;94
0-EU-ES-28-07-001-079-04;200703;PL;SALE;4383.333333333334;461439.75;13;99
0-EU-ES-28-07-001-079-04;200706;PL;SALE;4362.5;472500;22;98
0-EU-ES-28-07-001-079-04;200709;PL;SALE;4544.261294261294;504750;34;101
0-EU-ES-28-07-001-079-04;200712;PL;SALE;4653.998778998779;532250;50;105
0-EU-ES-28-07-001-079-04;200803;PL;SALE;4797.366272616273;543750;79;110
0-EU-ES-28-07-001-079-04;200806;PL;SALE;4902.764842300557;518750;110;111
0-EU-ES-28-07-001-079-04;200809;PL;SALE;4812.89246467818;499250;126;110
0-EU-ES-28-07-001-079-04;200812;PL;SALE;4762.3044328552805;499250;144;112
0-EU-ES-28-07-001-079-04;200903;PL;SALE;4838.261658962507;5e5;177;116
0-EU-ES-28-07-001-079-04;200906;PL;SALE;4883.313393939394;5e5;218;115
0-EU-ES-28-07-001-079-04;200606;PL;RENT;18.042733549926186;1235.8256555634314;30;NA
0-EU-ES-28-07-001-079-04;200609;PL;RENT;18.636751390347708;1867.9128277817158;17;82
0-EU-ES-28-07-001-079-04;200612;PL;RENT;19.631410256410255;2250;4;84
0-EU-ES-28-07-001-079-04;200703;PL;RENT;20.320512820512818;2037.5;4;85
0-EU-ES-28-07-001-079-04;200706;PL;RENT;19.919871794871796;1787.5;4;86
0-EU-ES-28-07-001-079-04;200709;PL;RENT;19.23076923076923;2e3;4;88
0-EU-ES-28-07-001-079-04;200712;PL;RENT;16.813477835723596;1734.375;6;92
0-EU-ES-28-07-001-079-04;200803;PL;RENT;14.198093220338983;909.375;12;100
0-EU-ES-28-07-001-079-04;200806;PL;RENT;15.846153846153847;1050;13;99
0-EU-ES-28-07-001-079-04;200809;PL;RENT;16.221153846153847;1075;20;106
0-EU-ES-28-07-001-079-04;200812;PL;RENT;16.146929824561404;875;30;102
0-EU-ES-28-07-001-079-04;200903;PL;RENT;16.771929824561404;862.5;35;106
0-EU-ES-28-07-001-079-04;200906;PL;RENT;16;862.5;52;111
0-EU-ES-28-07-001-079-04;200606;UN;SALE;6002.450658690006;957959.2017373722;0;NA
0-EU-ES-28-07-001-079-04;200609;UN;SALE;5827.683873912187;969238.0914051337;1;NA
0-EU-ES-28-07-001-079-04;200612;UN;SALE;5384.237257442584;1120475.5434782607;1;NA
0-EU-ES-28-07-001-079-04;200703;UN;SALE;5147.389412990872;1117312.1455576555;1;NA
0-EU-ES-28-07-001-079-04;200706;UN;SALE;5185.0877181211035;1107189.2722117202;2;NA
0-EU-ES-28-07-001-079-04;200709;UN;SALE;5044.279460580447;1056574.9054820412;2;NA
0-EU-ES-28-07-001-079-04;200712;UN;SALE;4770.61287923525;997482.6323251412;3;NA
0-EU-ES-28-07-001-079-04;200803;UN;SALE;4669.2992841835;1002290.9971644611;4;NA
0-EU-ES-28-07-001-079-04;200806;UN;SALE;4771.593072700055;1005707.4669187142;5;NA
0-EU-ES-28-07-001-079-04;200809;UN;SALE;4705.030208302636;1007225.8979206046;6;NA
0-EU-ES-28-07-001-079-04;200812;UN;SALE;4712.226712109388;1062648.629489603;7;NA
0-EU-ES-28-07-001-079-04;200903;UN;SALE;4847.982668201545;1128447.3062381851;8;NA
0-EU-ES-28-07-001-079-04;200906;UN;SALE;4081.776024363234;1071942.344045368;6;78
0-EU-ES-28-07-001-079-04;200606;UN;RENT;17.355869557274588;2113.2526119138115;0;NA
0-EU-ES-28-07-001-079-04;200609;UN;RENT;19.146910069128847;1812.474407114328;0;NA
0-EU-ES-28-07-001-079-04;200612;UN;RENT;19.146910069128847;1843.885283638802;0;NA
0-EU-ES-28-07-001-079-04;200703;UN;RENT;19.146910069128847;1906.7070366877501;0;NA
0-EU-ES-28-07-001-079-04;200706;UN;RENT;19.146910069128847;1938.117913212224;0;NA
0-EU-ES-28-07-001-079-04;200709;UN;RENT;20.993118396222208;2050.0609306132756;0;NA
0-EU-ES-28-07-001-079-04;200712;UN;RENT;20.702890124551367;2520.786209270348;0;NA
0-EU-ES-28-07-001-079-04;200803;UN;RENT;17.109042181315026;2520.786209270348;0;NA
0-EU-ES-28-07-001-079-04;200806;UN;RENT;16.646262275724354;2256.828682576359;1;NA
0-EU-ES-28-07-001-079-04;200809;UN;RENT;17.178113809015137;2674.0575146492974;1;NA
0-EU-ES-28-07-001-079-04;200812;UN;RENT;15.651630836842902;3015.4265590726113;1;NA
0-EU-ES-28-07-001-079-04;200903;UN;RENT;14.785061929318928;3034.3915059850183;1;NA
0-EU-ES-28-07-001-079-04;200906;UN;RENT;15.595502361000111;3129.2162405470513;1;NA
0-EU-ES-28-07-001-079-05;200606;PL;SALE;4062.237418465518;407264.0647583382;6;80
0-EU-ES-28-07-001-079-05;200609;PL;SALE;3477.476483585858;300011.25;5;82
0-EU-ES-28-07-001-079-05;200612;PL;SALE;3719.1350909359553;344636.25;9;90
0-EU-ES-28-07-001-079-05;200703;PL;SALE;4351.180294812961;418635;14;94
0-EU-ES-28-07-001-079-05;200706;PL;SALE;4520.123839009288;413813.75;22;96
0-EU-ES-28-07-001-079-05;200709;PL;SALE;4407.193237466219;403458.75;32;99
0-EU-ES-28-07-001-079-05;200712;PL;SALE;4491.923124844512;426155;51;104
0-EU-ES-28-07-001-079-05;200803;PL;SALE;4663.6772557993445;45e4;74;108
0-EU-ES-28-07-001-079-05;200806;PL;SALE;4680.52738336714;449250;87;107
0-EU-ES-28-07-001-079-05;200809;PL;SALE;4650.818530128875;449250;101;106
0-EU-ES-28-07-001-079-05;200812;PL;SALE;4595.959595959595;445500;116;109
0-EU-ES-28-07-001-079-05;200903;PL;SALE;4599.020376175548;445500;130;111
0-EU-ES-28-07-001-079-05;200906;PL;SALE;4531.451149425287;432500;153;112
0-EU-ES-28-07-001-079-05;200606;PL;RENT;16.34204275534441;1340.1601830663626;11;NA
0-EU-ES-28-07-001-079-05;200609;PL;RENT;15.959026128266025;1173.1817952116223;12;NA
0-EU-ES-28-07-001-079-05;200612;PL;RENT;14.32646628905536;948.101703678441;8;78
0-EU-ES-28-07-001-079-05;200703;PL;RENT;13.620192307692307;880;4;83
0-EU-ES-28-07-001-079-05;200706;PL;RENT;13.65315934065934;880;4;90
0-EU-ES-28-07-001-079-05;200709;PL;RENT;13.673992673992673;1030;4;90
0-EU-ES-28-07-001-079-05;200712;PL;RENT;14.349358974358974;1170;4;90
0-EU-ES-28-07-001-079-05;200803;PL;RENT;14.471153846153847;1226.25;8;93
0-EU-ES-28-07-001-079-05;200806;PL;RENT;14.849358974358974;1181.25;16;99
0-EU-ES-28-07-001-079-05;200809;PL;RENT;15.860294117647058;1015;21;104
0-EU-ES-28-07-001-079-05;200812;PL;RENT;15.790849673202613;1125;25;100
0-EU-ES-28-07-001-079-05;200903;PL;RENT;15.055555555555555;1175;30;106
0-EU-ES-28-07-001-079-05;200906;PL;RENT;14.596153846153847;1025;41;105
0-EU-ES-28-07-001-079-05;200606;UN;SALE;7498.2431878694915;1925244.444444446;4;NA
0-EU-ES-28-07-001-079-05;200609;UN;SALE;6648.004866521616;1255333.333333334;4;74
0-EU-ES-28-07-001-079-05;200612;UN;SALE;5909.090909090909;84e4;3;76
0-EU-ES-28-07-001-079-05;200703;UN;SALE;5692.581168831169;778125;4;78
0-EU-ES-28-07-001-079-05;200706;UN;SALE;5500.466653512234;778125;6;85
0-EU-ES-28-07-001-079-05;200709;UN;SALE;4838.323796369377;87e4;8;88
0-EU-ES-28-07-001-079-05;200712;UN;SALE;4151.785714285715;9e5;9;89
0-EU-ES-28-07-001-079-05;200803;UN;SALE;4934.381054028845;1345e3;12;92
0-EU-ES-28-07-001-079-05;200806;UN;SALE;5140.539478937269;1574e3;16;92
0-EU-ES-28-07-001-079-05;200809;UN;SALE;4921.847987362482;1306e3;18;91
0-EU-ES-28-07-001-079-05;200812;UN;SALE;5156.9591767070815;1352e3;20;92
0-EU-ES-28-07-001-079-05;200903;UN;SALE;5370.600163231363;156e4;22;94
0-EU-ES-28-07-001-079-05;200906;UN;SALE;5727.000910226287;181e4;26;98
0-EU-ES-28-07-001-079-05;200606;UN;RENT;21.437314502107046;3848.7127496010917;2;NA
0-EU-ES-28-07-001-079-05;200609;UN;RENT;23.649540090224665;3300.9273570324563;2;NA
0-EU-ES-28-07-001-079-05;200612;UN;RENT;23.649540090224665;3358.133693972177;3;NA
0-EU-ES-28-07-001-079-05;200703;UN;RENT;23.649540090224665;3472.546367851619;3;NA
0-EU-ES-28-07-001-079-05;200706;UN;RENT;23.649540090224665;3529.752704791341;4;NA
0-EU-ES-28-07-001-079-05;200709;UN;RENT;25.929906879897878;3733.626352395671;4;NA
0-EU-ES-28-07-001-079-05;200712;UN;RENT;25.571427881385063;4590.923947256468;4;NA
0-EU-ES-28-07-001-079-05;200803;UN;RENT;21.132442650615335;4590.923947256468;6;NA
0-EU-ES-28-07-001-079-05;200806;UN;RENT;16.332818270682484;4718.75;5;82
0-EU-ES-28-07-001-079-05;200809;UN;RENT;13.333333333333334;5500;3;80
0-EU-ES-28-07-001-079-05;200812;UN;RENT;13.333333333333334;5500;3;78
0-EU-ES-28-07-001-079-05;200903;UN;RENT;14.479166666666668;4700;4;78
0-EU-ES-28-07-001-079-05;200906;UN;RENT;14.907094594594595;4575;5;78
0-EU-ES-28-07-001-079-06;200606;PL;SALE;2368.6446206342835;247500;5;81
0-EU-ES-28-07-001-079-06;200609;PL;SALE;2853.6367673260543;252375;9;82
0-EU-ES-28-07-001-079-06;200612;PL;SALE;3503.2736346516012;260875;17;90
0-EU-ES-28-07-001-079-06;200703;PL;SALE;3916.7130247737728;297270.375;29;96
0-EU-ES-28-07-001-079-06;200706;PL;SALE;3898.3598501705983;304470.375;48;100
0-EU-ES-28-07-001-079-06;200709;PL;SALE;3676.847290640394;274950;67;101
0-EU-ES-28-07-001-079-06;200712;PL;SALE;3676.847290640394;26e4;89;102
0-EU-ES-28-07-001-079-06;200803;PL;SALE;3831.1938061938063;258625;118;106
0-EU-ES-28-07-001-079-06;200806;PL;SALE;3751.4805506993007;253625;148;107
0-EU-ES-28-07-001-079-06;200809;PL;SALE;3630.343603069816;245101.25;167;106
0-EU-ES-28-07-001-079-06;200812;PL;SALE;3531.485429992893;242601.25;182;108
0-EU-ES-28-07-001-079-06;200903;PL;SALE;3503.125;244250;208;110
0-EU-ES-28-07-001-079-06;200906;PL;SALE;3507.9918032786886;241750;240;109
0-EU-ES-28-07-001-079-06;200606;PL;RENT;15.48193524190523;807.0597643622556;5;NA
0-EU-ES-28-07-001-079-06;200609;PL;RENT;15.119077384673076;706.5034726156273;6;NA
0-EU-ES-28-07-001-079-06;200612;PL;RENT;14.930928866108255;695.0570604085576;7;NA
0-EU-ES-28-07-001-079-06;200703;PL;RENT;14.930928866108255;796.6423230836544;10;NA
0-EU-ES-28-07-001-079-06;200706;PL;RENT;15.378109763720461;1004.5588531095963;7;83
0-EU-ES-28-07-001-079-06;200709;PL;RENT;16.03846153846154;988.75;4;85
0-EU-ES-28-07-001-079-06;200712;PL;RENT;15.816239316239315;826.25;4;90
0-EU-ES-28-07-001-079-06;200803;PL;RENT;15.427777777777777;820;7;91
0-EU-ES-28-07-001-079-06;200806;PL;RENT;14.927083333333334;797.875;12;94
0-EU-ES-28-07-001-079-06;200809;PL;RENT;14.277083333333334;765.375;20;99
0-EU-ES-28-07-001-079-06;200812;PL;RENT;14.480158730158731;753.125;30;100
0-EU-ES-28-07-001-079-06;200903;PL;RENT;14.831451833607005;798.125;40;100
0-EU-ES-28-07-001-079-06;200906;PL;RENT;14.476293103448276;766.25;48;105
0-EU-ES-28-07-001-079-06;200606;UN;SALE;6879.409259322294;387579.6034424942;0;NA
0-EU-ES-28-07-001-079-06;200609;UN;SALE;6679.10903100106;392142.9163443109;1;NA
0-EU-ES-28-07-001-079-06;200612;UN;SALE;6170.874822538293;453331.90183956805;1;NA
0-EU-ES-28-07-001-079-06;200703;UN;SALE;5899.42348593918;452052.0263403036;1;NA
0-EU-ES-28-07-001-079-06;200706;UN;SALE;5942.629516962232;447956.4247426562;2;NA
0-EU-ES-28-07-001-079-06;200709;UN;SALE;5781.249159872277;427478.4167544203;2;NA
0-EU-ES-28-07-001-079-06;200712;UN;SALE;5467.599865488221;403570.3424281555;3;NA
0-EU-ES-28-07-001-079-06;200803;UN;SALE;5351.484344757503;405515.75318703795;4;NA
0-EU-ES-28-07-001-079-06;200806;UN;SALE;5468.723265309579;406898.0187262438;5;NA
0-EU-ES-28-07-001-079-06;200809;UN;SALE;5392.435560220379;407512.35896589083;6;NA
0-EU-ES-28-07-001-079-06;200812;UN;SALE;5400.683473903975;429935.7777130088;7;NA
0-EU-ES-28-07-001-079-06;200903;UN;SALE;5556.2733878329545;456557.18809771514;7;NA
0-EU-ES-28-07-001-079-06;200906;UN;SALE;5624.580462202172;460755.1797353036;8;NA
0-EU-ES-28-07-001-079-06;200606;UN;RENT;25.72478521989125;1469.4204881720857;3;NA
0-EU-ES-28-07-001-079-06;200609;UN;RENT;28.37945673234585;1260.2785928604205;3;NA
0-EU-ES-28-07-001-079-06;200612;UN;RENT;21.480050946818086;1308.1392964302104;3;61
0-EU-ES-28-07-001-079-06;200703;UN;RENT;14.580645161290322;1356;3;69
0-EU-ES-28-07-001-079-06;200706;UN;RENT;14.580645161290322;1356;3;74
0-EU-ES-28-07-001-079-06;200709;UN;RENT;15.986559139784944;1486.75;3;76
0-EU-ES-28-07-001-079-06;200712;UN;RENT;21.08228263902524;1886.7353065022858;3;NA
0-EU-ES-28-07-001-079-06;200803;UN;RENT;19.676368660530617;1755.9853065022858;3;70
0-EU-ES-28-07-001-079-06;200806;UN;RENT;14.580645161290322;1356;3;69
0-EU-ES-28-07-001-079-06;200809;UN;RENT;15.491935483870968;1440.75;3;71
0-EU-ES-28-07-001-079-06;200812;UN;RENT;15.026598754951895;1452.5;4;76
0-EU-ES-28-07-001-079-06;200903;UN;RENT;12.746038483305036;1366.25;4;73
0-EU-ES-28-07-001-079-06;200906;UN;RENT;13.211375212224109;1359;3;78
0-EU-ES-28-07-001-079-07;200606;PL;SALE;5398.522510381001;668554;4;85
0-EU-ES-28-07-001-079-07;200609;PL;SALE;5214.285714285715;501036;6;88
0-EU-ES-28-07-001-079-07;200612;PL;SALE;5214.285714285715;485088;9;93
0-EU-ES-28-07-001-079-07;200703;PL;SALE;5233.516167953669;485088;14;99
0-EU-ES-28-07-001-079-07;200706;PL;SALE;5204.076013513513;422500;23;99
0-EU-ES-28-07-001-079-07;200709;PL;SALE;4861.0360360360355;438750;34;101
0-EU-ES-28-07-001-079-07;200712;PL;SALE;4606.867972883598;429e3;44;104
0-EU-ES-28-07-001-079-07;200803;PL;SALE;4726.132042147667;470250;60;107
0-EU-ES-28-07-001-079-07;200806;PL;SALE;4815.7439543215405;489250;76;107
0-EU-ES-28-07-001-079-07;200809;PL;SALE;4826.029204785362;499250;87;108
0-EU-ES-28-07-001-079-07;200812;PL;SALE;4713.147203325774;5e5;101;110
0-EU-ES-28-07-001-079-07;200903;PL;SALE;4702.861952861953;499500;120;112
0-EU-ES-28-07-001-079-07;200906;PL;SALE;4698.650034176349;511750;143;113
0-EU-ES-28-07-001-079-07;200606;PL;RENT;18.23232323232323;1381.0619158830903;10;NA
0-EU-ES-28-07-001-079-07;200609;PL;RENT;17.805003156565654;1208.9873421451252;11;NA
0-EU-ES-28-07-001-079-07;200612;PL;RENT;17.583429783950614;1189.3999402317431;14;NA
0-EU-ES-28-07-001-079-07;200703;PL;RENT;17.583429783950614;1363.2353161117671;20;NA
0-EU-ES-28-07-001-079-07;200706;PL;RENT;16.828271554834057;1283.941986762984;27;NA
0-EU-ES-28-07-001-079-07;200709;PL;RENT;16.236020923520925;1171.101479612793;35;NA
0-EU-ES-28-07-001-079-07;200712;PL;RENT;13.596590909090908;1679.4512529334131;21;88
0-EU-ES-28-07-001-079-07;200803;PL;RENT;12.6875;1871.875;4;79
0-EU-ES-28-07-001-079-07;200806;PL;RENT;12.6875;1459.375;4;82
0-EU-ES-28-07-001-079-07;200809;PL;RENT;13.596590909090908;1075;10;104
0-EU-ES-28-07-001-079-07;200812;PL;RENT;15.596590909090908;808.75;17;101
0-EU-ES-28-07-001-079-07;200903;PL;RENT;15.96590909090909;846.25;22;106
0-EU-ES-28-07-001-079-07;200906;PL;RENT;15.96590909090909;950;30;109
0-EU-ES-28-07-001-079-07;200606;UN;SALE;7920.7070458470225;1070487.0512442072;0;NA
0-EU-ES-28-07-001-079-07;200609;UN;SALE;7690.088489813469;1083090.829484295;0;NA
0-EU-ES-28-07-001-079-07;200612;UN;SALE;7104.925705602534;1252093.5738744824;0;NA
0-EU-ES-28-07-001-079-07;200703;UN;SALE;6792.386295115854;1248558.583547338;0;NA
0-EU-ES-28-07-001-079-07;200706;UN;SALE;6842.132181927811;1237246.614500477;0;NA
0-EU-ES-28-07-001-079-07;200709;UN;SALE;6656.324580827244;1180686.76926617;0;NA
0-EU-ES-28-07-001-079-07;200712;UN;SALE;6295.19994318685;1114653.1499551157;0;NA
0-EU-ES-28-07-001-079-07;200803;UN;SALE;6161.508664108244;1120026.3352523742;0;NA
0-EU-ES-28-07-001-079-07;200806;UN;SALE;6296.4933857696215;1123844.1248056898;0;NA
0-EU-ES-28-07-001-079-07;200809;UN;SALE;6208.658436512503;1125540.9201627201;1;NA
0-EU-ES-28-07-001-079-07;200812;UN;SALE;6218.154790859888;1187473.9506942872;1;NA
0-EU-ES-28-07-001-079-07;200903;UN;SALE;6397.295481733889;1261001.749498887;1;NA
0-EU-ES-28-07-001-079-07;200906;UN;SALE;6475.94181673777;1272596.5177719204;1;NA
0-EU-ES-28-07-001-079-07;200606;UN;RENT;19.04209593532086;4502.197886979247;0;NA
0-EU-ES-28-07-001-079-07;200609;UN;RENT;21.00714672913027;3861.4022762399877;0;NA
0-EU-ES-28-07-001-079-07;200612;UN;RENT;21.00714672913027;3928.3218584609594;0;NA
0-EU-ES-28-07-001-079-07;200703;UN;RENT;21.00714672913027;4062.1610229029047;0;NA
0-EU-ES-28-07-001-079-07;200706;UN;RENT;21.00714672913027;4129.080605123878;0;NA
0-EU-ES-28-07-001-079-07;200709;UN;RENT;23.0327252208956;4367.570605592238;0;NA
0-EU-ES-28-07-001-079-07;200712;UN;RENT;22.714299539366884;5370.43147654051;0;NA
0-EU-ES-28-07-001-079-07;200803;UN;RENT;18.771287805715197;5370.43147654051;0;NA
0-EU-ES-28-07-001-079-07;200806;UN;RENT;18.263546068540023;4808.0808080808;0;NA
0-EU-ES-28-07-001-079-07;200809;UN;RENT;18.847070154547318;5696.969696969694;0;NA
0-EU-ES-28-07-001-079-07;200812;UN;RENT;17.17228024535755;6424.242424242421;0;NA
0-EU-ES-28-07-001-079-07;200903;UN;RENT;16.221518993252996;6464.646464646457;0;NA
0-EU-ES-28-07-001-079-07;200906;UN;RENT;17.110698552883157;6666.6666666666615;1;NA
0-EU-ES-28-07-001-079-08;200606;PL;SALE;3259.3665465391596;393642.79588336207;11;NA
0-EU-ES-28-07-001-079-08;200609;PL;SALE;3347.037206756631;342082.3327615781;8;77
0-EU-ES-28-07-001-079-08;200612;PL;SALE;3526.176470588235;326500;6;87
0-EU-ES-28-07-001-079-08;200703;PL;SALE;3345.287356321839;338750;12;92
0-EU-ES-28-07-001-079-08;200706;PL;SALE;3045.3300913645744;311500;20;96
0-EU-ES-28-07-001-079-08;200709;PL;SALE;3128.873903873904;301326.875;28;98
0-EU-ES-28-07-001-079-08;200712;PL;SALE;3399.4194041252863;307951.875;40;100
0-EU-ES-28-07-001-079-08;200803;PL;SALE;3619.5588235294117;312818.375;64;104
0-EU-ES-28-07-001-079-08;200806;PL;SALE;3797.3039215686276;309943.375;94;106
0-EU-ES-28-07-001-079-08;200809;PL;SALE;3816.6666666666665;311750;118;106
0-EU-ES-28-07-001-079-08;200812;PL;SALE;3668.0555555555557;313499.75;138;107
0-EU-ES-28-07-001-079-08;200903;PL;SALE;3546.9152046783624;310749.75;152;109
0-EU-ES-28-07-001-079-08;200906;PL;SALE;3498.3040935672516;311490.5;164;110
0-EU-ES-28-07-001-079-08;200606;PL;RENT;12.9016127015877;1181.3355091573655;6;NA
0-EU-ES-28-07-001-079-08;200609;PL;RENT;12.599231153894241;1034.1460154482484;7;NA
0-EU-ES-28-07-001-079-08;200612;PL;RENT;12.442440721756892;1017.3913043478271;9;NA
0-EU-ES-28-07-001-079-08;200703;PL;RENT;11.521288645929229;1141.4130434782614;7;72
0-EU-ES-28-07-001-079-08;200706;PL;RENT;10.986921254767239;1073.5869565217395;7;NA
0-EU-ES-28-07-001-079-08;200709;PL;RENT;11.488983115370631;1001.7391304347834;12;NA
0-EU-ES-28-07-001-079-08;200712;PL;RENT;10.882306615848147;1070.652173913044;10;90
0-EU-ES-28-07-001-079-08;200803;PL;RENT;10.450741388241388;1134.375;10;96
0-EU-ES-28-07-001-079-08;200806;PL;RENT;10.874692437192437;1134.375;12;92
0-EU-ES-28-07-001-079-08;200809;PL;RENT;11.410256410256409;1070;13;95
0-EU-ES-28-07-001-079-08;200812;PL;RENT;10.833333333333332;1050;17;97
0-EU-ES-28-07-001-079-08;200903;PL;RENT;10;1101.875;26;101
0-EU-ES-28-07-001-079-08;200906;PL;RENT;10.381817256817257;1099.375;33;102
0-EU-ES-28-07-001-079-08;200606;UN;SALE;3378.548801169264;718437.4999999995;4;NA
0-EU-ES-28-07-001-079-08;200609;UN;SALE;3864.1942060090714;701718.7499999998;4;73
0-EU-ES-28-07-001-079-08;200612;UN;SALE;3791.8367346938776;792500;5;83
0-EU-ES-28-07-001-079-08;200703;UN;SALE;3183.673469387755;797500;9;87
0-EU-ES-28-07-001-079-08;200706;UN;SALE;3259.6301020408164;895e3;14;90
0-EU-ES-28-07-001-079-08;200709;UN;SALE;3429.1734868008634;1051250;17;92
0-EU-ES-28-07-001-079-08;200712;UN;SALE;3515.608060630396;1151250;23;93
0-EU-ES-28-07-001-079-08;200803;UN;SALE;3354.2279411764707;12e5;32;96
0-EU-ES-28-07-001-079-08;200806;UN;SALE;3191.8367346938776;12e5;38;96
0-EU-ES-28-07-001-079-08;200809;UN;SALE;3065.6149301825994;1162500;44;96
0-EU-ES-28-07-001-079-08;200812;UN;SALE;2964.7008145363407;1098750;47;98
0-EU-ES-28-07-001-079-08;200903;UN;SALE;3062.748015873016;1091250;52;98
0-EU-ES-28-07-001-079-08;200906;UN;SALE;3008.6675020885546;108e4;58;99
0-EU-ES-28-07-001-079-08;200606;UN;RENT;9.339803488182724;2932.352571124642;4;NA
0-EU-ES-28-07-001-079-08;200609;UN;RENT;10.30362534481114;2514.992272024728;4;NA
0-EU-ES-28-07-001-079-08;200612;UN;RENT;10.30362534481114;2558.578052550231;5;NA
0-EU-ES-28-07-001-079-08;200703;UN;RENT;10.30362534481114;2645.749613601236;6;NA
0-EU-ES-28-07-001-079-08;200706;UN;RENT;10.30362534481114;2689.335394126738;7;NA
0-EU-ES-28-07-001-079-08;200709;UN;RENT;11.297134942033896;2844.667697063368;7;NA
0-EU-ES-28-07-001-079-08;200712;UN;RENT;11.140952907179615;3497.8468169573084;8;NA
0-EU-ES-28-07-001-079-08;200803;UN;RENT;9.162297304217956;3497.84681695731;7;71
0-EU-ES-28-07-001-079-08;200806;UN;RENT;8.71875;3237.5;4;70
0-EU-ES-28-07-001-079-08;200809;UN;RENT;8.145833333333334;3712.5;4;77
0-EU-ES-28-07-001-079-08;200812;UN;RENT;7.078125;3637.5;6;78
0-EU-ES-28-07-001-079-08;200903;UN;RENT;7.97875702247191;3637.5;8;79
0-EU-ES-28-07-001-079-08;200906;UN;RENT;8.684456928838951;3725;10;77
0-EU-ES-28-07-001-079-09;200606;PL;SALE;4193.333333333333;459e3;5;83
0-EU-ES-28-07-001-079-09;200609;PL;SALE;4412.380952380952;443250;8;84
0-EU-ES-28-07-001-079-09;200612;PL;SALE;3919.047619047619;404250;10;90
0-EU-ES-28-07-001-079-09;200703;PL;SALE;3925.4901960784314;42e4;14;93
0-EU-ES-28-07-001-079-09;200706;PL;SALE;4152.020432066633;495e3;20;94
0-EU-ES-28-07-001-079-09;200709;PL;SALE;4283.398367856333;501250;29;97
0-EU-ES-28-07-001-079-09;200712;PL;SALE;4353.663003663003;473500;48;104
0-EU-ES-28-07-001-079-09;200803;PL;SALE;4378.108003108004;469750;67;105
0-EU-ES-28-07-001-079-09;200806;PL;SALE;4348.484848484848;477500;84;106
0-EU-ES-28-07-001-079-09;200809;PL;SALE;4276.338383838383;477500;100;106
0-EU-ES-28-07-001-079-09;200812;PL;SALE;4295.277777777777;475e3;112;107
0-EU-ES-28-07-001-079-09;200903;PL;SALE;4279.700854700855;473777.25;131;110
0-EU-ES-28-07-001-079-09;200906;PL;SALE;4210.25641025641;478777.25;155;110
0-EU-ES-28-07-001-079-09;200606;PL;RENT;13.994757870904992;1378.2247606835917;10;NA
0-EU-ES-28-07-001-079-09;200609;PL;RENT;13.666755733305656;1206.5036846896219;11;NA
0-EU-ES-28-07-001-079-09;200612;PL;RENT;13.49668055084674;1186.9565217391305;14;NA
0-EU-ES-28-07-001-079-09;200703;PL;RENT;13.49668055084674;1360.4347826086955;20;NA
0-EU-ES-28-07-001-079-09;200706;PL;RENT;13.812233940710303;1240.869565217391;15;87
0-EU-ES-28-07-001-079-09;200709;PL;RENT;15.795634920634921;1087.5;8;90
0-EU-ES-28-07-001-079-09;200712;PL;RENT;19.76388888888889;1212.5;8;90
0-EU-ES-28-07-001-079-09;200803;PL;RENT;20.761408730158728;1187.5;10;95
0-EU-ES-28-07-001-079-09;200806;PL;RENT;16.579433551608208;1045.625;14;97
0-EU-ES-28-07-001-079-09;200809;PL;RENT;13.69836670179136;1100.625;22;100
0-EU-ES-28-07-001-079-09;200812;PL;RENT;13.692307692307693;1167.5;30;98
0-EU-ES-28-07-001-079-09;200903;PL;RENT;13.773601398601398;1100;34;104
0-EU-ES-28-07-001-079-09;200906;PL;RENT;13.79496891996892;1e3;40;106
0-EU-ES-28-07-001-079-09;200606;UN;SALE;4312.5;1361250;4;83
0-EU-ES-28-07-001-079-09;200609;UN;SALE;4076.9607843137255;1381675;6;83
0-EU-ES-28-07-001-079-09;200612;UN;SALE;3773.2620320855613;1256675;9;87
0-EU-ES-28-07-001-079-09;200703;UN;SALE;3750.4720811051693;1122501.25;12;91
0-EU-ES-28-07-001-079-09;200706;UN;SALE;3987.5041666666666;1122501.25;14;91
0-EU-ES-28-07-001-079-09;200709;UN;SALE;3631.25;1e6;17;93
0-EU-ES-28-07-001-079-09;200712;UN;SALE;3156.25;947001.5;25;96
0-EU-ES-28-07-001-079-09;200803;UN;SALE;3062.5;1047001.5;36;98
0-EU-ES-28-07-001-079-09;200806;UN;SALE;3166.379875450672;1085625;44;99
0-EU-ES-28-07-001-079-09;200809;UN;SALE;3130.428548017044;1110625;46;100
0-EU-ES-28-07-001-079-09;200812;UN;SALE;3201.1898208917305;1287500;55;102
0-EU-ES-28-07-001-079-09;200903;UN;SALE;3345.2950558213715;1445625;64;107
0-EU-ES-28-07-001-079-09;200906;UN;SALE;3347.2601959444064;1430625;72;103
0-EU-ES-28-07-001-079-09;200606;UN;RENT;11.466846173586008;2954.567363330133;2;NA
0-EU-ES-28-07-001-079-09;200609;UN;RENT;12.65016839044868;2534.045243782492;2;NA
0-EU-ES-28-07-001-079-09;200612;UN;RENT;12.65016839044868;2577.961219615006;2;NA
0-EU-ES-28-07-001-079-09;200703;UN;RENT;12.65016839044868;2665.7931712800337;3;NA
0-EU-ES-28-07-001-079-09;200706;UN;RENT;12.65016839044868;2709.7091471125473;3;NA
0-EU-ES-28-07-001-079-09;200709;UN;RENT;13.869939420722401;2866.218209919909;3;NA
0-EU-ES-28-07-001-079-09;200712;UN;RENT;13.678188558831394;3524.345656479713;4;NA
0-EU-ES-28-07-001-079-09;200803;UN;RENT;11.30376984126984;3524.345656479713;5;NA
0-EU-ES-28-07-001-079-09;200806;UN;RENT;10.998015873015873;3155.3030303030287;6;NA
0-EU-ES-28-07-001-079-09;200809;UN;RENT;11.349404761904765;3738.6363636363612;6;NA
0-EU-ES-28-07-001-079-09;200812;UN;RENT;10.340873015873015;4215.909090909088;9;NA
0-EU-ES-28-07-001-079-09;200903;UN;RENT;9.768339768339768;4242.424242424241;12;NA
0-EU-ES-28-07-001-079-09;200906;UN;RENT;10.303789503789503;4375;15;NA
0-EU-ES-28-07-001-079-10;200606;PL;SALE;2693.4360431975992;203819.07461406523;6;79
0-EU-ES-28-07-001-079-10;200609;PL;SALE;2951.532708333333;224939;4;81
0-EU-ES-28-07-001-079-10;200612;PL;SALE;2799.173333333333;209938;8;88
0-EU-ES-28-07-001-079-10;200703;PL;SALE;2855.353020833333;212500.5;14;93
0-EU-ES-28-07-001-079-10;200706;PL;SALE;3094.9363541666667;222500.5;22;94
0-EU-ES-28-07-001-079-10;200709;PL;SALE;3104.6337719298244;224413;28;94
0-EU-ES-28-07-001-079-10;200712;PL;SALE;2972.8935758513935;222413;52;98
0-EU-ES-28-07-001-079-10;200803;PL;SALE;2935.7238439465846;220750;84;101
0-EU-ES-28-07-001-079-10;200806;PL;SALE;2935.0235638345393;220750;112;103
0-EU-ES-28-07-001-079-10;200809;PL;SALE;2896.5201465201462;213e3;136;103
0-EU-ES-28-07-001-079-10;200812;PL;SALE;2817.686699265647;202500;156;103
0-EU-ES-28-07-001-079-10;200903;PL;SALE;2754.7379813169287;197375;177;104
0-EU-ES-28-07-001-079-10;200906;PL;SALE;2730.424005218526;193750;198;106
0-EU-ES-28-07-001-079-10;200606;PL;RENT;11.259589266840175;801.4285714285712;3;NA
0-EU-ES-28-07-001-079-10;200609;PL;RENT;10.995692643398609;701.5739029129913;3;NA
0-EU-ES-28-07-001-079-10;200612;PL;RENT;10.858857357169647;690.2073571029134;4;NA
0-EU-ES-28-07-001-079-10;200703;PL;RENT;10.858857357169647;791.0838169871853;6;NA
0-EU-ES-28-07-001-079-10;200706;PL;RENT;10.392500361246459;745.0699931803242;8;NA
0-EU-ES-28-07-001-079-10;200709;PL;RENT;10.026748900687094;679.588782378253;10;NA
0-EU-ES-28-07-001-079-10;200712;PL;RENT;9.478392280548771;645.9632957501624;13;NA
0-EU-ES-28-07-001-079-10;200803;PL;RENT;9.331186907600202;722.208429469256;9;82
0-EU-ES-28-07-001-079-10;200806;PL;RENT;10.461915535444946;825;4;80
0-EU-ES-28-07-001-079-10;200809;PL;RENT;10.691694947209651;818.75;8;87
0-EU-ES-28-07-001-079-10;200812;PL;RENT;10.802303921568626;808.75;12;90
0-EU-ES-28-07-001-079-10;200903;PL;RENT;10.715498366013072;780.625;13;87
0-EU-ES-28-07-001-079-10;200906;PL;RENT;10.147569444444445;765.625;18;97
0-EU-ES-28-07-001-079-10;200606;UN;SALE;3247.903648137054;441029.77270697476;0;NA
0-EU-ES-28-07-001-079-10;200609;UN;SALE;3153.337993185557;446222.4010960939;1;NA
0-EU-ES-28-07-001-079-10;200612;UN;SALE;2913.3906841143007;515849.81215036934;1;NA
0-EU-ES-28-07-001-079-10;200703;UN;SALE;2785.2331994818496;514393.43210477254;1;NA
0-EU-ES-28-07-001-079-10;200706;UN;SALE;2805.63161168434;509733.0159588626;1;NA
0-EU-ES-28-07-001-079-10;200709;UN;SALE;2729.4407890755756;486430.93522931484;2;NA
0-EU-ES-28-07-001-079-10;200712;UN;SALE;2581.360823330677;459225.75597756746;2;NA
0-EU-ES-28-07-001-079-10;200803;UN;SALE;2504.2973989440634;579117.7087732807;3;69
0-EU-ES-28-07-001-079-10;200806;UN;SALE;2708.127208480565;586250;4;71
0-EU-ES-28-07-001-079-10;200809;UN;SALE;2963.7514723203767;478125;4;71
0-EU-ES-28-07-001-079-10;200812;UN;SALE;2963.7514723203767;483125;4;71
0-EU-ES-28-07-001-079-10;200903;UN;SALE;2872.08480565371;482500;4;71
0-EU-ES-28-07-001-079-10;200906;UN;SALE;2872.08480565371;482500;4;70
0-EU-ES-28-07-001-079-11;200606;PL;SALE;2756.764069264069;265875;4;79
0-EU-ES-28-07-001-079-11;200609;PL;SALE;2751.124971519708;230875;8;81
0-EU-ES-28-07-001-079-11;200612;PL;SALE;2601.503759398496;192500;14;86
0-EU-ES-28-07-001-079-11;200703;PL;SALE;2658.1709956709956;193750;28;93
0-EU-ES-28-07-001-079-11;200706;PL;SALE;2948.5436664784493;212525;52;96
0-EU-ES-28-07-001-079-11;200709;PL;SALE;2965.472013993003;218775;80;99
0-EU-ES-28-07-001-079-11;200712;PL;SALE;2867.7429522081065;217342.375;118;102
0-EU-ES-28-07-001-079-11;200803;PL;SALE;2945.463157894737;215019.875;164;105
0-EU-ES-28-07-001-079-11;200806;PL;SALE;2911.336032388664;207427.5;200;105
0-EU-ES-28-07-001-079-11;200809;PL;SALE;2848.5752814258913;201750;230;106
0-EU-ES-28-07-001-079-11;200812;PL;SALE;2802.91594076655;198834.25;267;108
0-EU-ES-28-07-001-079-11;200903;PL;SALE;2791.4014285714284;197584.25;302;109
0-EU-ES-28-07-001-079-11;200906;PL;SALE;2742.83;192750;338;109
0-EU-ES-28-07-001-079-11;200606;PL;RENT;13.507940564640501;839.9403849513375;5;NA
0-EU-ES-28-07-001-079-11;200609;PL;RENT;13.19134820765674;735.2873045618276;5;NA
0-EU-ES-28-07-001-079-11;200612;PL;RENT;13.027189207739234;723.3745512564819;7;NA
0-EU-ES-28-07-001-079-11;200703;PL;RENT;13.027189207739234;829.0985241324292;9;NA
0-EU-ES-28-07-001-079-11;200706;PL;RENT;12.467708534550997;780.873554048664;13;NA
0-EU-ES-28-07-001-079-11;200709;PL;RENT;12.028922636275258;712.2457120063823;17;NA
0-EU-ES-28-07-001-079-11;200712;PL;RENT;10.296668950137672;598.6632429198246;11;85
0-EU-ES-28-07-001-079-11;200803;PL;RENT;10.548076923076923;518.75;4;78
0-EU-ES-28-07-001-079-11;200806;PL;RENT;11.397058823529413;710;5;88
0-EU-ES-28-07-001-079-11;200809;PL;RENT;10.550497976968565;747.5;10;90
0-EU-ES-28-07-001-079-11;200812;PL;RENT;10.281487933926957;685;18;93
0-EU-ES-28-07-001-079-11;200903;PL;RENT;10.050462573591254;737.5;24;96
0-EU-ES-28-07-001-079-11;200906;PL;RENT;10.025354969574035;707.5;33;97
0-EU-ES-28-07-001-079-11;200606;UN;SALE;3825.1815297718845;322176.16322773084;1;NA
0-EU-ES-28-07-001-079-11;200609;UN;SALE;3713.8079067031276;325969.4243520434;1;NA
0-EU-ES-28-07-001-079-11;200612;UN;SALE;3431.2126963112505;376832.86609036534;1;NA
0-EU-ES-28-07-001-079-11;200703;UN;SALE;3280.276678428065;375768.967541268;2;NA
0-EU-ES-28-07-001-079-11;200706;UN;SALE;3304.300676072946;372364.4921841555;2;NA
0-EU-ES-28-07-001-079-11;200709;UN;SALE;3214.5678025166935;355342.11539859395;3;NA
0-EU-ES-28-07-001-079-11;200712;UN;SALE;2588.943961879775;365345.9707574188;3;71
0-EU-ES-28-07-001-079-11;200803;UN;SALE;2e3;377750;4;75
0-EU-ES-28-07-001-079-11;200806;UN;SALE;2625;361e3;5;74
0-EU-ES-28-07-001-079-11;200809;UN;SALE;3041.666666666667;33e4;5;73
0-EU-ES-28-07-001-079-11;200812;UN;SALE;2833.3333333333335;299e3;6;75
0-EU-ES-28-07-001-079-11;200903;UN;SALE;2925;318125;6;73
0-EU-ES-28-07-001-079-11;200906;UN;SALE;3120.8333333333335;376125;6;73
0-EU-ES-28-07-001-079-11;200606;UN;RENT;7.991436265246551;694.6787712374376;0;NA
0-EU-ES-28-07-001-079-11;200609;UN;RENT;8.816113245660862;595.8054834217027;0;NA
0-EU-ES-28-07-001-079-11;200612;UN;RENT;8.816113245660862;606.1310209293797;0;NA
0-EU-ES-28-07-001-079-11;200703;UN;RENT;8.816113245660862;626.7820959447338;0;NA
0-EU-ES-28-07-001-079-11;200706;UN;RENT;8.816113245660862;637.1076334524108;0;NA
0-EU-ES-28-07-001-079-11;200709;UN;RENT;9.666192011789299;673.9060915914723;0;NA
0-EU-ES-28-07-001-079-11;200712;UN;RENT;9.532557639407301;828.6452156906751;0;NA
0-EU-ES-28-07-001-079-11;200803;UN;RENT;7.877785650566049;828.6452156906751;0;NA
0-EU-ES-28-07-001-079-11;200806;UN;RENT;7.664700612783279;741.8758019116976;0;NA
0-EU-ES-28-07-001-079-11;200809;UN;RENT;7.909589387548554;879.0293115088185;0;NA
0-EU-ES-28-07-001-079-11;200812;UN;RENT;7.2067268002352325;991.2458193610082;0;NA
0-EU-ES-28-07-001-079-11;200903;UN;RENT;6.807718835173663;997.4800697972407;0;NA
0-EU-ES-28-07-001-079-11;200906;UN;RENT;7.180882682435033;1028.6513219784044;0;NA
0-EU-ES-28-07-001-079-12;200606;PL;SALE;2274.4897959183672;197500;3;70
0-EU-ES-28-07-001-079-12;200609;PL;SALE;2332.051282051282;196250;5;74
0-EU-ES-28-07-001-079-12;200612;PL;SALE;2724.3589743589746;238750;9;78
0-EU-ES-28-07-001-079-12;200703;PL;SALE;2695.578231292517;242500;14;86
0-EU-ES-28-07-001-079-12;200706;PL;SALE;2709.7185027857295;235750;27;91
0-EU-ES-28-07-001-079-12;200709;PL;SALE;2999.001155290267;235900;40;92
0-EU-ES-28-07-001-079-12;200712;PL;SALE;2968.0339607201313;236650;56;94
0-EU-ES-28-07-001-079-12;200803;PL;SALE;2880.88768115942;228500;76;96
0-EU-ES-28-07-001-079-12;200806;PL;SALE;2842.2881000474626;224475;98;97
0-EU-ES-28-07-001-079-12;200809;PL;SALE;2725.4993699369934;214975;116;100
0-EU-ES-28-07-001-079-12;200812;PL;SALE;2702.8687960687957;214975;130;99
0-EU-ES-28-07-001-079-12;200903;PL;SALE;2682.4324324324325;214975;144;98
0-EU-ES-28-07-001-079-12;200906;PL;SALE;2616.883116883117;205e3;160;99
0-EU-ES-28-07-001-079-12;200606;PL;RENT;11.0783433182604;782.6347748167541;1;NA
0-EU-ES-28-07-001-079-12;200609;PL;RENT;10.818694646738672;685.121735234464;1;NA
0-EU-ES-28-07-001-079-12;200612;PL;RENT;10.684062002245923;674.021739130435;2;NA
0-EU-ES-28-07-001-079-12;200703;PL;RENT;10.684062002245923;772.5326086956525;2;NA
0-EU-ES-28-07-001-079-12;200706;PL;RENT;10.225211968974724;727.5978260869566;3;NA
0-EU-ES-28-07-001-079-12;200709;PL;RENT;9.865348020725312;663.6521739130435;4;NA
0-EU-ES-28-07-001-079-12;200712;PL;RENT;9.325818313667174;630.8152173913045;5;NA
0-EU-ES-28-07-001-079-12;200803;PL;RENT;9.278864998136841;604.1999999999999;7;NA
0-EU-ES-28-07-001-079-12;200806;PL;RENT;9.359885211008216;651.7543478260868;5;76
0-EU-ES-28-07-001-079-12;200809;PL;RENT;10.396270396270396;675;3;79
0-EU-ES-28-07-001-079-12;200812;PL;RENT;10.396270396270396;675;5;78
0-EU-ES-28-07-001-079-12;200903;PL;RENT;9.51659125188537;750;7;80
0-EU-ES-28-07-001-079-12;200906;PL;RENT;10.362745098039216;800;9;80
0-EU-ES-28-07-001-079-12;200606;UN;SALE;2605.4730983302416;167112.5559638362;0;NA
0-EU-ES-28-07-001-079-12;200609;UN;SALE;2529.612390410709;169080.11791991463;0;NA
0-EU-ES-28-07-001-079-12;200612;UN;SALE;2337.1263050674816;195462.9504325745;0;NA
0-EU-ES-28-07-001-079-12;200703;UN;SALE;2234.318181818182;194911.10698132496;0;NA
0-EU-ES-28-07-001-079-12;200706;UN;SALE;2250.681818181817;193145.20793732663;0;NA
0-EU-ES-28-07-001-079-12;200709;UN;SALE;2189.5614278769353;184315.71271733462;1;NA
0-EU-ES-28-07-001-079-12;200712;UN;SALE;2070.7714608865977;174007.27704799385;1;NA
0-EU-ES-28-07-001-079-12;200803;UN;SALE;2026.7944485940773;174846.079093893;1;NA
0-EU-ES-28-07-001-079-12;200806;UN;SALE;2071.1969317232474;175442.07002124246;1;NA
0-EU-ES-28-07-001-079-12;200809;UN;SALE;2042.3041073758777;175706.95487784222;2;NA
0-EU-ES-28-07-001-079-12;200812;UN;SALE;2045.4278810038008;185375.2521437336;2;NA
0-EU-ES-28-07-001-079-12;200903;UN;SALE;2104.3552277907565;196853.59592972326;2;NA
0-EU-ES-28-07-001-079-12;200906;UN;SALE;2130.2255079246897;198663.64244982152;2;NA
0-EU-ES-28-07-001-079-12;200606;UN;RENT;10.270356375157135;997.2229972928529;0;NA
0-EU-ES-28-07-001-079-12;200609;UN;RENT;11.330206720216749;855.2887385963172;0;NA
0-EU-ES-28-07-001-079-12;200612;UN;RENT;11.330206720216749;870.111220423023;0;NA
0-EU-ES-28-07-001-079-12;200703;UN;RENT;11.330206720216749;899.7561840764349;0;NA
0-EU-ES-28-07-001-079-12;200706;UN;RENT;11.330206720216749;914.5786659031409;0;NA
0-EU-ES-28-07-001-079-12;200709;UN;RENT;12.422702685311396;967.4034681578914;0;NA
0-EU-ES-28-07-001-079-12;200712;UN;RENT;12.25095976166421;1189.5340694109063;0;NA
0-EU-ES-28-07-001-079-12;200803;UN;RENT;10.124295982972;1189.5340694109063;0;NA
0-EU-ES-28-07-001-079-12;200806;UN;RENT;9.850445425499608;1064.9751243781088;0;NA
0-EU-ES-28-07-001-079-12;200809;UN;RENT;10.165169200505197;1261.8612818261624;0;NA
0-EU-ES-28-07-001-079-12;200812;UN;RENT;9.261871093021622;1422.949956101843;0;NA
0-EU-ES-28-07-001-079-12;200903;UN;RENT;8.749077915213288;1431.8993268949368;0;NA
0-EU-ES-28-07-001-079-12;200906;UN;RENT;9.228657000936089;1476.6461808604035;0;NA
0-EU-ES-28-07-001-079-13;200606;PL;SALE;3169.691700133869;273723.25;6;79
0-EU-ES-28-07-001-079-13;200609;PL;SALE;3169.4928571428572;269626.5;7;77
0-EU-ES-28-07-001-079-13;200612;PL;SALE;3332.142857142857;270876.5;10;83
0-EU-ES-28-07-001-079-13;200703;PL;SALE;3246.031746031746;233250;20;89
0-EU-ES-28-07-001-079-13;200706;PL;SALE;3166.6199813258636;216950;34;92
0-EU-ES-28-07-001-079-13;200709;PL;SALE;2813.4453781512602;206950;53;96
0-EU-ES-28-07-001-079-13;200712;PL;SALE;2666.5057915057914;202500;88;97
0-EU-ES-28-07-001-079-13;200803;PL;SALE;2838.8272200772203;200375;130;100
0-EU-ES-28-07-001-079-13;200806;PL;SALE;2866.994961177938;197875;167;101
0-EU-ES-28-07-001-079-13;200809;PL;SALE;2765.312196877249;187500;190;101
0-EU-ES-28-07-001-079-13;200812;PL;SALE;2682.940251572327;18e4;206;102
0-EU-ES-28-07-001-079-13;200903;PL;SALE;2700.827423167849;18e4;236;103
0-EU-ES-28-07-001-079-13;200906;PL;SALE;2668.8829787234044;18e4;273;104
0-EU-ES-28-07-001-079-13;200606;PL;RENT;11.427142678549103;669.423455189173;3;NA
0-EU-ES-28-07-001-079-13;200609;PL;RENT;11.159319022020608;586.0160754206734;3;NA
0-EU-ES-28-07-001-079-13;200612;PL;RENT;11.02044749641324;576.5217391304346;4;NA
0-EU-ES-28-07-001-079-13;200703;PL;RENT;11.02044749641324;660.782608695652;6;NA
0-EU-ES-28-07-001-079-13;200706;PL;RENT;10.547150664241194;622.3478260869563;8;NA
0-EU-ES-28-07-001-079-13;200709;PL;RENT;10.95036131482847;569.282608695652;7;87
0-EU-ES-28-07-001-079-13;200712;PL;RENT;11.046875;624.375;4;90
0-EU-ES-28-07-001-079-13;200803;PL;RENT;11.447916666666668;691.875;4;77
0-EU-ES-28-07-001-079-13;200806;PL;RENT;11.467803030303031;690.625;6;76
0-EU-ES-28-07-001-079-13;200809;PL;RENT;10.426136363636363;633.125;10;93
0-EU-ES-28-07-001-079-13;200812;PL;RENT;11.355158730158731;630;14;93
0-EU-ES-28-07-001-079-13;200903;PL;RENT;11.528769841269842;662.5;20;97
0-EU-ES-28-07-001-079-13;200906;PL;RENT;10.260416666666666;643.125;26;97
0-EU-ES-28-07-001-079-13;200606;UN;SALE;2064.318625196678;103253.29798466424;1;NA
0-EU-ES-28-07-001-079-13;200609;UN;SALE;2004.214119654382;104468.98916826506;2;NA
0-EU-ES-28-07-001-079-13;200612;UN;SALE;1851.7072251023428;120770.06511912697;2;NA
0-EU-ES-28-07-001-079-13;200703;UN;SALE;1770.252258715987;120429.09937909554;3;NA
0-EU-ES-28-07-001-079-13;200706;UN;SALE;1624.0231141814606;169779.0387654661;4;74
0-EU-ES-28-07-001-079-13;200709;UN;SALE;1403.030593607306;238701;4;71
0-EU-ES-28-07-001-079-13;200712;UN;SALE;1751.5981735159817;288250;4;70
0-EU-ES-28-07-001-079-13;200803;UN;SALE;1781.1562296151337;23e4;6;74
0-EU-ES-28-07-001-079-13;200806;UN;SALE;1543.5321224722766;184467.25;7;78
0-EU-ES-28-07-001-079-13;200809;UN;SALE;1823.488392857143;229063.375;8;79
0-EU-ES-28-07-001-079-13;200812;UN;SALE;1885.5277046783626;206547.125;9;82
0-EU-ES-28-07-001-079-13;200903;UN;SALE;1812.1345029239765;190951;10;84
0-EU-ES-28-07-001-079-13;200906;UN;SALE;1842.1052631578948;194250;11;84
0-EU-ES-28-07-001-079-13;200606;UN;RENT;11.390177841715133;675.3296830468871;0;NA
0-EU-ES-28-07-001-079-13;200609;UN;RENT;12.565588263210604;579.2103414359982;0;NA
0-EU-ES-28-07-001-079-13;200612;UN;RENT;12.565588263210604;589.2482787691442;0;NA
0-EU-ES-28-07-001-079-13;200703;UN;RENT;12.565588263210604;609.3241534354363;0;NA
0-EU-ES-28-07-001-079-13;200706;UN;RENT;12.565588263210604;619.3620907685822;0;NA
0-EU-ES-28-07-001-079-13;200709;UN;RENT;13.777203798177261;655.1355908388364;0;NA
0-EU-ES-28-07-001-079-13;200712;UN;RENT;13.586734999243532;805.5647214810768;0;NA
0-EU-ES-28-07-001-079-13;200803;UN;RENT;11.228191851954977;805.5647214810768;0;NA
0-EU-ES-28-07-001-079-13;200806;UN;RENT;10.92448218135305;721.2121212121208;0;NA
0-EU-ES-28-07-001-079-13;200809;UN;RENT;11.273521653537358;854.5454545454544;0;NA
0-EU-ES-28-07-001-079-13;200812;UN;RENT;10.271733038566808;963.6363636363636;0;NA
0-EU-ES-28-07-001-079-13;200903;UN;RENT;9.703027798173839;969.6969696969695;0;NA
0-EU-ES-28-07-001-079-13;200906;UN;RENT;10.23489747007374;999.9999999999997;0;NA
0-EU-ES-28-07-001-079-14;200606;PL;SALE;2655.856342376438;183124.7855917667;4;NA
0-EU-ES-28-07-001-079-14;200609;PL;SALE;2998.6575032090095;209288.16466552313;4;78
0-EU-ES-28-07-001-079-14;200612;PL;SALE;3135.211267605634;220500;4;80
0-EU-ES-28-07-001-079-14;200703;PL;SALE;3195.070422535211;221500;4;82
0-EU-ES-28-07-001-079-14;200706;PL;SALE;3044.7368421052633;24e4;7;86
0-EU-ES-28-07-001-079-14;200709;PL;SALE;2961.40350877193;24e4;10;85
0-EU-ES-28-07-001-079-14;200712;PL;SALE;3240.1960784313724;229500;14;88
0-EU-ES-28-07-001-079-14;200803;PL;SALE;3183.823529411765;229500;22;91
0-EU-ES-28-07-001-079-14;200806;PL;SALE;3138.071895424837;238500;29;91
0-EU-ES-28-07-001-079-14;200809;PL;SALE;2934.1817186644776;233375;32;92
0-EU-ES-28-07-001-079-14;200812;PL;SALE;2886.837764416111;229875;36;93
0-EU-ES-28-07-001-079-14;200903;PL;SALE;2987.786764705882;234e3;40;95
0-EU-ES-28-07-001-079-14;200906;PL;SALE;2912.1148459383753;231500;43;94
0-EU-ES-28-07-001-079-14;200606;PL;RENT;11.25958926684017;790.0000000000002;1;NA
0-EU-ES-28-07-001-079-14;200609;PL;RENT;10.995692643398602;691.5692839766211;1;NA
0-EU-ES-28-07-001-079-14;200612;PL;RENT;10.858857357169642;680.3648279463656;1;NA
0-EU-ES-28-07-001-079-14;200703;PL;RENT;10.858857357169642;779.8027643385265;2;NA
0-EU-ES-28-07-001-079-14;200706;PL;RENT;10.392500361246451;734.4451091421022;3;NA
0-EU-ES-28-07-001-079-14;200709;PL;RENT;10.026748900687087;669.8976767471909;4;NA
0-EU-ES-28-07-001-079-14;200712;PL;RENT;9.478392280548768;636.7516979498037;5;NA
0-EU-ES-28-07-001-079-14;200803;PL;RENT;9.43067079075557;609.8860098719214;6;NA
0-EU-ES-28-07-001-079-14;200806;PL;RENT;9.716097441750644;615.1195854715089;9;NA
0-EU-ES-28-07-001-079-14;200809;PL;RENT;9.64312846798157;607.0947695521414;12;NA
0-EU-ES-28-07-001-079-14;200812;PL;RENT;9.58747096415713;584.7648469939016;16;NA
0-EU-ES-28-07-001-079-14;200903;PL;RENT;9.3461979569702045;584.7648469939016;21;NA
0-EU-ES-28-07-001-079-14;200906;PL;RENT;8.804849745336625;691.5692839766207;14;64
0-EU-ES-28-07-001-079-14;200606;UN;SALE;7961.639401148059;491181.8724141357;0;NA
0-EU-ES-28-07-001-079-14;200609;UN;SALE;7729.829062535009;496964.9852395212;0;NA
0-EU-ES-28-07-001-079-14;200612;UN;SALE;7141.642294372436;574510.1403501949;0;NA
0-EU-ES-28-07-001-079-14;200703;UN;SALE;6827.487753554389;572888.146729782;0;NA
0-EU-ES-28-07-001-079-14;200706;UN;SALE;6877.490715435772;567697.7671444614;0;NA
0-EU-ES-28-07-001-079-14;200709;UN;SALE;6690.722904255238;541745.8692178573;0;NA
0-EU-ES-28-07-001-079-14;200712;UN;SALE;6327.732059230794;511447.02838854713;0;NA
0-EU-ES-28-07-001-079-14;200803;UN;SALE;6193.349894994561;513912.45869157463;0;NA
0-EU-ES-28-07-001-079-14;200806;UN;SALE;6329.032186021314;515664.2118016203;0;NA
0-EU-ES-28-07-001-079-14;200809;UN;SALE;6240.743326358213;516442.7687394185;0;NA
0-EU-ES-28-07-001-079-14;200812;UN;SALE;6250.288755636404;544860.09696905;0;NA
0-EU-ES-28-07-001-079-14;200903;UN;SALE;6430.355203562811;578597.564273635;0;NA
0-EU-ES-28-07-001-079-14;200906;UN;SALE;6509.407964370458;583917.7033485885;0;NA
0-EU-ES-28-07-001-079-15;200606;PL;SALE;4635.538461538461;713750;4;77
0-EU-ES-28-07-001-079-15;200609;PL;SALE;3796.986013986014;363625;5;83
0-EU-ES-28-07-001-079-15;200612;PL;SALE;3450.8850524475524;222125;8;84
0-EU-ES-28-07-001-079-15;200703;PL;SALE;3503.719190140845;251750;11;89
0-EU-ES-28-07-001-079-15;200706;PL;SALE;3487.5733568075116;253625;26;96
0-EU-ES-28-07-001-079-15;200709;PL;SALE;3381.186158618377;238174.375;51;102
0-EU-ES-28-07-001-079-15;200712;PL;SALE;3420.941927849146;243799.375;83;104
0-EU-ES-28-07-001-079-15;200803;PL;SALE;3469.1339020628493;253475;117;107
0-EU-ES-28-07-001-079-15;200806;PL;SALE;3430.909995577178;252975;144;107
0-EU-ES-28-07-001-079-15;200809;PL;SALE;3299.732620320856;246e3;174;108
0-EU-ES-28-07-001-079-15;200812;PL;SALE;3258.5561497326207;246250;208;109
0-EU-ES-28-07-001-079-15;200903;PL;SALE;3210.5042016806724;246250;245;110
0-EU-ES-28-07-001-079-15;200906;PL;SALE;3178.641456582633;241750;280;112
0-EU-ES-28-07-001-079-15;200606;PL;RENT;13.580644949039678;910.6127883088016;6;NA
0-EU-ES-28-07-001-079-15;200609;PL;RENT;13.262348583046563;797.1542202413569;7;NA
0-EU-ES-28-07-001-079-15;200612;PL;RENT;13.097306022901986;784.2391304347818;9;NA
0-EU-ES-28-07-001-079-15;200703;PL;RENT;13.097306022901982;898.858695652173;12;NA
0-EU-ES-28-07-001-079-15;200706;PL;RENT;12.534814032205153;846.5760869565211;16;NA
0-EU-ES-28-07-001-079-15;200709;PL;RENT;12.093666437232237;772.1739130434779;21;NA
0-EU-ES-28-07-001-079-15;200712;PL;RENT;12.394514877190169;732.0652173913041;14;85
0-EU-ES-28-07-001-079-15;200803;PL;RENT;12.154150197628457;700;8;91
0-EU-ES-28-07-001-079-15;200806;PL;RENT;12.665513833992094;712.5;10;82
0-EU-ES-28-07-001-079-15;200809;PL;RENT;12.923387096774194;737.5;13;93
0-EU-ES-28-07-001-079-15;200812;PL;RENT;11.881720430107528;750;24;96
0-EU-ES-28-07-001-079-15;200903;PL;RENT;12.051318090954522;835;32;97
0-EU-ES-28-07-001-079-15;200906;PL;RENT;12.410068090954521;885;43;104
0-EU-ES-28-07-001-079-15;200606;UN;SALE;4032.279795034899;673146.2954246884;1;NA
0-EU-ES-28-07-001-079-15;200609;UN;SALE;3914.876318492764;681071.8341977249;1;NA
0-EU-ES-28-07-001-079-15;200612;UN;SALE;3616.981186413959;787344.554797787;1;NA
0-EU-ES-28-07-001-079-15;200703;UN;SALE;3457.8733766233763;785121.6735024798;2;NA
0-EU-ES-28-07-001-079-15;200706;UN;SALE;3483.198051948052;778008.4533574972;2;NA
0-EU-ES-28-07-001-079-15;200709;UN;SALE;3388.606971714305;742442.3526325835;3;NA
0-EU-ES-28-07-001-079-15;200712;UN;SALE;3248.834244441577;696215.2446585277;3;74
0-EU-ES-28-07-001-079-15;200803;UN;SALE;3366.919191919192;667750;4;77
0-EU-ES-28-07-001-079-15;200806;UN;SALE;3761.8055555555557;742750;6;78
0-EU-ES-28-07-001-079-15;200809;UN;SALE;3906.25;735e3;6;79
0-EU-ES-28-07-001-079-15;200812;UN;SALE;3802.777777777778;633875;8;81
0-EU-ES-28-07-001-079-15;200903;UN;SALE;3974.5555555555557;701500;8;81
0-EU-ES-28-07-001-079-15;200906;UN;SALE;3991.222222222222;710125;8;81
0-EU-ES-28-07-001-079-15;200606;UN;RENT;11.62765229833408;1210.570418838313;0;NA
0-EU-ES-28-07-001-079-15;200609;UN;RENT;12.827568917628026;1038.2705265732807;1;NA
0-EU-ES-28-07-001-079-15;200612;UN;RENT;12.827568917628026;1056.264152955635;1;NA
0-EU-ES-28-07-001-079-15;200703;UN;RENT;12.827568917628026;1092.251405720343;1;NA
0-EU-ES-28-07-001-079-15;200706;UN;RENT;12.827568917628026;1110.245032102697;1;NA
0-EU-ES-28-07-001-079-15;200709;UN;RENT;14.064445492834416;1174.3712537844908;1;NA
0-EU-ES-28-07-001-079-15;200712;UN;RENT;13.87000559922963;1444.0248174564686;1;NA
0-EU-ES-28-07-001-079-15;200803;UN;RENT;11.462289053588734;1444.0248174564686;1;NA
0-EU-ES-28-07-001-079-15;200806;UN;RENT;11.152247323031432;1292.8175401797184;2;NA
0-EU-ES-28-07-001-079-15;200809;UN;RENT;11.508563938746542;1531.825824918826;2;NA
0-EU-ES-28-07-001-079-15;200812;UN;RENT;10.485888976759012;1727.378057887187;3;NA
0-EU-ES-28-07-001-079-15;200903;UN;RENT;9.905326768914312;1738.2420708298741;4;NA
0-EU-ES-28-07-001-079-15;200906;UN;RENT;10.44828542143258;1792.5621355433075;5;NA
0-EU-ES-28-07-001-079-16;200606;PL;SALE;3694.3063364972395;411976.843910806;9;NA
0-EU-ES-28-07-001-079-16;200609;PL;SALE;3634.532950209614;386586.6209262436;12;NA
0-EU-ES-28-07-001-079-16;200612;PL;SALE;3698.99665551839;370205.8319039452;17;NA
0-EU-ES-28-07-001-079-16;200703;PL;SALE;3298.9010989010967;331240.9948542023;14;89
0-EU-ES-28-07-001-079-16;200706;PL;SALE;3298.9010989010985;289e3;14;93
0-EU-ES-28-07-001-079-16;200709;PL;SALE;3711.5384615384614;294500;25;95
0-EU-ES-28-07-001-079-16;200712;PL;SALE;3739.583322927073;295625;36;96
0-EU-ES-28-07-001-079-16;200803;PL;SALE;3618.6879139881858;290987.375;47;100
0-EU-ES-28-07-001-079-16;200806;PL;SALE;3447.0990965556184;292862.375;68;102
0-EU-ES-28-07-001-079-16;200809;PL;SALE;3514.0977443609027;297500;94;105
0-EU-ES-28-07-001-079-16;200812;PL;SALE;3511.2090888987177;298750;118;106
0-EU-ES-28-07-001-079-16;200903;PL;SALE;3482.5009549274255;303750;136;108
0-EU-ES-28-07-001-079-16;200906;PL;SALE;3480.596442687747;3e5;151;110
0-EU-ES-28-07-001-079-16;200606;PL;RENT;13.928306900078773;1112.4242711231855;5;NA
0-EU-ES-28-07-001-079-16;200609;PL;RENT;13.601862207108177;973.820831213767;5;NA
0-EU-ES-28-07-001-079-16;200612;PL;RENT;13.43259458853083;958.0434782608697;7;NA
0-EU-ES-28-07-001-079-16;200703;PL;RENT;13.43259458853083;1098.0652173913045;9;NA
0-EU-ES-28-07-001-079-16;200706;PL;RENT;12.855702908889674;1034.1956521739135;13;NA
0-EU-ES-28-07-001-079-16;200709;PL;RENT;12.40326201863218;943.3043478260872;17;NA
0-EU-ES-28-07-001-079-16;200712;PL;RENT;11.724935383888083;896.6304347826091;22;NA
0-EU-ES-28-07-001-079-16;200803;PL;RENT;13.276736482594027;886.1413043478263;15;77
0-EU-ES-28-07-001-079-16;200806;PL;RENT;15.439274847870184;926.25;4;82
0-EU-ES-28-07-001-079-16;200809;PL;RENT;13.216911764705882;895;4;79
0-EU-ES-28-07-001-079-16;200812;PL;RENT;11.414011437908496;886.25;8;91
0-EU-ES-28-07-001-079-16;200903;PL;RENT;11.671798687423687;942.5;16;99
0-EU-ES-28-07-001-079-16;200906;PL;RENT;12.022493131868131;931.25;26;102
0-EU-ES-28-07-001-079-16;200606;UN;SALE;3850.091186591032;1436585.0080965525;5;NA
0-EU-ES-28-07-001-079-16;200609;UN;SALE;3438.13163503235;1317061.6770666859;5;79
0-EU-ES-28-07-001-079-16;200612;UN;SALE;3303.5714285714284;1443750;8;90
0-EU-ES-28-07-001-079-16;200703;UN;SALE;3590.476190476191;2025e3;12;91
0-EU-ES-28-07-001-079-16;200706;UN;SALE;3657.1428571428573;2172500;15;92
0-EU-ES-28-07-001-079-16;200709;UN;SALE;3522.0238095238096;1672500;18;94
0-EU-ES-28-07-001-079-16;200712;UN;SALE;3483.4956709956714;15e5;21;95
0-EU-ES-28-07-001-079-16;200803;UN;SALE;3656.9550547491726;1495e3;28;98
0-EU-ES-28-07-001-079-16;200806;UN;SALE;3690.2883880825057;154e4;35;97
0-EU-ES-28-07-001-079-16;200809;UN;SALE;3641.5584415584417;152e4;44;99
0-EU-ES-28-07-001-079-16;200812;UN;SALE;3611.6600790513835;15e5;53;100
0-EU-ES-28-07-001-079-16;200903;UN;SALE;3653.9433771486347;15e5;61;104
0-EU-ES-28-07-001-079-16;200906;UN;SALE;3756.4651162790697;15e5;67;101
0-EU-ES-28-07-001-079-16;200606;UN;RENT;12.161806547742744;5060.208762348916;2;NA
0-EU-ES-28-07-001-079-16;200609;UN;RENT;13.416845262597095;4339.991738189384;2;NA
0-EU-ES-28-07-001-079-16;200612;UN;RENT;13.416845262597095;4415.205459315821;3;NA
0-EU-ES-28-07-001-079-16;200703;UN;RENT;13.416845262597095;4565.632901568696;3;NA
0-EU-ES-28-07-001-079-16;200706;UN;RENT;13.416845262597095;4640.846622695134;4;NA
0-EU-ES-28-07-001-079-16;200709;UN;RENT;14.710541809857098;4908.895522454253;4;NA
0-EU-ES-28-07-001-079-16;200712;UN;RENT;14.50716968360906;6036.0528562679765;4;NA
0-EU-ES-28-07-001-079-16;200803;UN;RENT;11.98884680134681;6036.0528562679765;6;NA
0-EU-ES-28-07-001-079-16;200806;UN;RENT;11.6645622895623;5404.0033880999235;7;NA
0-EU-ES-28-07-001-079-16;200809;UN;RENT;11.771438341750848;6565.531176993238;6;78
0-EU-ES-28-07-001-079-16;200812;UN;RENT;10.958450126262626;6637.5;7;79
0-EU-ES-28-07-001-079-16;200903;UN;RENT;10.513976608187134;5468.75;11;81
0-EU-ES-28-07-001-079-16;200906;UN;RENT;10.738304093567251;5081.25;16;87
0-EU-ES-28-07-001-079-17;200606;PL;SALE;2755.9336694859367;236250.00000000003;6;68
0-EU-ES-28-07-001-079-17;200609;PL;SALE;2704.8611111111113;236250;4;69
0-EU-ES-28-07-001-079-17;200612;PL;SALE;2548.6111111111113;215e3;10;81
0-EU-ES-28-07-001-079-17;200703;PL;SALE;2711.8055555555557;228625;16;85
0-EU-ES-28-07-001-079-17;200706;PL;SALE;2648.634126984127;225125;22;89
0-EU-ES-28-07-001-079-17;200709;PL;SALE;2485.4396825396825;211500;30;89
0-EU-ES-28-07-001-079-17;200712;PL;SALE;2360.4861111111113;2e5;41;90
0-EU-ES-28-07-001-079-17;200803;PL;SALE;2690.54;206250;62;93
0-EU-ES-28-07-001-079-17;200806;PL;SALE;2775.445303030303;212500;86;96
0-EU-ES-28-07-001-079-17;200809;PL;SALE;2572.375541125541;203750;104;98
0-EU-ES-28-07-001-079-17;200812;PL;SALE;2452.672040603075;193e3;118;98
0-EU-ES-28-07-001-079-17;200903;PL;SALE;2397.384973503508;188e3;134;96
0-EU-ES-28-07-001-079-17;200906;PL;SALE;2389.387118364092;188750;146;98
0-EU-ES-28-07-001-079-17;200606;PL;RENT;10.116037231926718;684.1901490536402;1;NA
0-EU-ES-28-07-001-079-17;200609;PL;RENT;9.878942609303438;598.9429006137766;1;NA
0-EU-ES-28-07-001-079-17;200612;PL;RENT;9.756004656832108;589.2391304347826;2;NA
0-EU-ES-28-07-001-079-17;200703;PL;RENT;9.756004656832108;675.358695652174;2;NA
0-EU-ES-28-07-001-079-17;200706;PL;RENT;9.337012043307366;636.0760869565216;3;NA
0-EU-ES-28-07-001-079-17;200709;PL;RENT;9.00840721546106;580.173913043478;4;NA
0-EU-ES-28-07-001-079-17;200712;PL;RENT;8.515743064555538;551.4673913043478;5;NA
0-EU-ES-28-07-001-079-17;200803;PL;RENT;8.472868288569465;528.2;7;NA
0-EU-ES-28-07-001-079-17;200806;PL;RENT;8.72930629532285;532.7326086956521;10;NA
0-EU-ES-28-07-001-079-17;200809;PL;RENT;8.79909267504592;593.9347826086955;8;79
0-EU-ES-28-07-001-079-17;200812;PL;RENT;8.75;687;4;72
0-EU-ES-28-07-001-079-17;200903;PL;RENT;9.38701923076923;737;6;75
0-EU-ES-28-07-001-079-17;200906;PL;RENT;9.810096153846153;742.5;6;75
0-EU-ES-28-07-001-079-17;200606;UN;SALE;1907.4778385986529;198790.40888074157;0;NA
0-EU-ES-28-07-001-079-17;200609;UN;SALE;1851.9398945417183;201130.9418436365;1;NA
0-EU-ES-28-07-001-079-17;200612;UN;SALE;1711.0200200413367;232514.90358352358;1;NA
0-EU-ES-28-07-001-079-17;200703;UN;SALE;1635.7537596252787;231858.45269819457;1;NA
0-EU-ES-28-07-001-079-17;200706;UN;SALE;1647.7336467876244;229757.80986514193;2;NA
0-EU-ES-28-07-001-079-17;200709;UN;SALE;1602.9871513938397;219254.59569987838;2;NA
0-EU-ES-28-07-001-079-17;200712;UN;SALE;1516.020515803878;206992.09316193307;3;NA
0-EU-ES-28-07-001-079-17;200803;UN;SALE;1483.824759720454;207989.8985076332;4;NA
0-EU-ES-28-07-001-079-17;200806;UN;SALE;1516.3320047969519;208698.86546378845;5;NA
0-EU-ES-28-07-001-079-17;200809;UN;SALE;1495.1794462952157;209013.96188874636;6;NA
0-EU-ES-28-07-001-079-17;200812;UN;SALE;1497.4663741364132;220514.98139971012;7;NA
0-EU-ES-28-07-001-079-17;200903;UN;SALE;1540.607333125999;234169.1598145528;8;NA
0-EU-ES-28-07-001-079-17;200906;UN;SALE;1559.5470742676132;236322.31871843195;8;NA
0-EU-ES-28-07-001-079-18;200606;PL;SALE;4163.2662831616735;217171.1181506815;5;77
0-EU-ES-28-07-001-079-18;200609;PL;SALE;4529.211469534051;209250;3;74
0-EU-ES-28-07-001-079-18;200612;PL;SALE;3308.205749354005;185625;4;79
0-EU-ES-28-07-001-079-18;200703;PL;SALE;2479.200581395349;178625;6;83
0-EU-ES-28-07-001-079-18;200706;PL;SALE;2537.383720930233;186125;12;86
0-EU-ES-28-07-001-079-18;200709;PL;SALE;2900.227272727273;217375;21;89
0-EU-ES-28-07-001-079-18;200712;PL;SALE;3047.727272727273;224750;30;91
0-EU-ES-28-07-001-079-18;200803;PL;SALE;3025;220900;39;93
0-EU-ES-28-07-001-079-18;200806;PL;SALE;2905.8974529346624;220525;50;93
0-EU-ES-28-07-001-079-18;200809;PL;SALE;2806.7903100775193;215625;58;93
0-EU-ES-28-07-001-079-18;200812;PL;SALE;2732.2055661729573;204999.75;66;95
0-EU-ES-28-07-001-079-18;200903;PL;SALE;2753.2470840301003;209449.75;78;96
0-EU-ES-28-07-001-079-18;200906;PL;SALE;2817.3889204545458;219450;88;97
0-EU-ES-28-07-001-079-18;200606;PL;RENT;10.08973988643866;884.8324742268045;3;NA
0-EU-ES-28-07-001-079-18;200609;PL;RENT;9.853261607850254;774.586026126953;3;NA
0-EU-ES-28-07-001-079-18;200612;PL;RENT;9.730643241174782;762.0365747957931;4;NA
0-EU-ES-28-07-001-079-18;200703;PL;RENT;9.730643241174782;873.4111511121012;5;NA
0-EU-ES-28-07-001-079-18;200706;PL;RENT;9.312739828219609;822.6087127923818;7;NA
0-EU-ES-28-07-001-079-18;200709;PL;RENT;9.523758101476886;883.9393474625228;6;87
0-EU-ES-28-07-001-079-18;200712;PL;RENT;8.68064182194617;922.375;4;80
0-EU-ES-28-07-001-079-18;200803;PL;RENT;7.969742522355844;847.5;4;70
0-EU-ES-28-07-001-079-18;200806;PL;RENT;8.680507892930681;844.75;6;74
0-EU-ES-28-07-001-079-18;200809;PL;RENT;9.840747254632808;852.25;9;86
0-EU-ES-28-07-001-079-18;200812;PL;RENT;10.78125;850.5;18;95
0-EU-ES-28-07-001-079-18;200903;PL;RENT;10.475912563667233;819.625;26;101
0-EU-ES-28-07-001-079-18;200906;PL;RENT;9.857668364459537;804.125;30;104
0-EU-ES-28-07-001-079-18;200606;UN;SALE;2115.04502866218;278571.64995687775;0;NA
0-EU-ES-28-07-001-079-18;200609;UN;SALE;2053.4635779617965;281851.517093945;0;NA
0-EU-ES-28-07-001-079-18;200612;UN;SALE;1897.2091387381693;325830.91254510503;1;NA
0-EU-ES-28-07-001-079-18;200703;UN;SALE;1813.7525833341344;324911.00595971534;1;NA
0-EU-ES-28-07-001-079-18;200706;UN;SALE;1827.0360932517474;321967.3048864675;1;NA
0-EU-ES-28-07-001-079-18;200709;UN;SALE;1777.420390926101;307248.7995202289;1;NA
0-EU-ES-28-07-001-079-18;200712;UN;SALE;1680.9902534209878;290064.9445051456;2;NA
0-EU-ES-28-07-001-079-18;200803;UN;SALE;1645.2910319305338;291463.2025149383;2;NA
0-EU-ES-28-07-001-079-18;200806;UN;SALE;1681.3356379035504;292456.70162715943;3;NA
0-EU-ES-28-07-001-079-18;200809;UN;SALE;1657.8813084233966;292898.25678814657;3;NA
0-EU-ES-28-07-001-079-18;200812;UN;SALE;1660.4170942991514;309015.0201641776;4;NA
0-EU-ES-28-07-001-079-18;200903;UN;SALE;1708.2525495774566;328149.0771402876;4;NA
0-EU-ES-28-07-001-079-18;200906;UN;SALE;1729.2532681887672;331166.37074036663;5;NA
0-EU-ES-28-07-001-079-19;200606;PL;SALE;2605.446149279776;211189.53591639647;3;NA
0-EU-ES-28-07-001-079-19;200609;PL;SALE;2563.2903763288605;198173.87863327854;4;NA
0-EU-ES-28-07-001-079-19;200612;PL;SALE;2608.754043244014;189776.68038610573;6;NA
0-EU-ES-28-07-001-079-19;200703;PL;SALE;3062.167867479672;223228.06001777016;6;80
0-EU-ES-28-07-001-079-19;200706;PL;SALE;3346.9482441812984;234947.5;5;78
0-EU-ES-28-07-001-079-19;200709;PL;SALE;3274.250137589433;249947.5;7;82
0-EU-ES-28-07-001-079-19;200712;PL;SALE;3365.326086956522;27e4;11;82
0-EU-ES-28-07-001-079-19;200803;PL;SALE;2980;234947.5;14;83
0-EU-ES-28-07-001-079-19;200806;PL;SALE;2883.5924600990643;226585;18;85
0-EU-ES-28-07-001-079-19;200809;PL;SALE;2926.7742782808828;219138;20;85
0-EU-ES-28-07-001-079-19;200812;PL;SALE;2676.7396184062854;210000.5;22;84
0-EU-ES-28-07-001-079-19;200903;PL;SALE;2676.7396184062854;210000.5;24;85
0-EU-ES-28-07-001-079-19;200906;PL;SALE;2712.0129870129867;209413;26;86
0-EU-ES-28-07-001-079-19;200606;PL;RENT;10.08100805319118;836.7793189864669;1;NA
0-EU-ES-28-07-001-079-19;200609;PL;RENT;9.844734426944513;732.5200942758423;1;NA
0-EU-ES-28-07-001-079-19;200612;PL;RENT;9.72222217629809;720.652173913044;1;NA
0-EU-ES-28-07-001-079-19;200703;PL;RENT;9.72222217629809;825.9782608695657;2;NA
0-EU-ES-28-07-001-079-19;200706;PL;RENT;9.304680424094983;777.934782608696;3;NA
0-EU-ES-28-07-001-079-19;200709;PL;RENT;8.977213468419777;709.5652173913045;3;NA
0-EU-ES-28-07-001-079-19;200712;PL;RENT;8.486255284011117;674.4565217391307;4;NA
0-EU-ES-28-07-001-079-19;200803;PL;RENT;8.443528972108044;646.0000000000005;6;NA
0-EU-ES-28-07-001-079-19;200806;PL;RENT;8.699079001428448;651.5434782608698;8;NA
0-EU-ES-28-07-001-079-19;200809;PL;RENT;8.633747949401045;643.0434782608697;11;NA
0-EU-ES-28-07-001-079-19;200812;PL;RENT;9.742823727802062;713.6304347826089;11;92
0-EU-ES-28-07-001-079-19;200903;PL;RENT;10.334117647058823;744.5;8;87
0-EU-ES-28-07-001-079-19;200906;PL;RENT;10.248602941176472;715.25;8;89
0-EU-ES-28-07-001-079-19;200606;UN;SALE;2719.198745117442;261791.51700673642;1;NA
0-EU-ES-28-07-001-079-19;200609;UN;SALE;2640.026812039065;264873.81699500285;1;NA
0-EU-ES-28-07-001-079-19;200612;UN;SALE;2439.1389494649675;306204.0552083336;1;NA
0-EU-ES-28-07-001-079-19;200703;UN;SALE;2331.8433800320945;305339.5604166669;1;NA
0-EU-ES-28-07-001-079-19;200706;UN;SALE;2348.921268686586;302573.1770833336;2;NA
0-EU-ES-28-07-001-079-19;200709;UN;SALE;2285.133049677672;288741.26041666686;3;NA
0-EU-ES-28-07-001-079-19;200712;UN;SALE;2161.158048984064;272592.4977083335;3;NA
0-EU-ES-28-07-001-079-19;200803;UN;SALE;2115.261495027521;273906.5297916669;5;NA
0-EU-ES-28-07-001-079-19;200806;UN;SALE;2161.6020910913667;274840.1841666668;6;NA
0-EU-ES-28-07-001-079-19;200809;UN;SALE;2131.4481310452556;275255.14166666684;7;NA
0-EU-ES-28-07-001-079-19;200812;UN;SALE;2134.7082534907813;290401.0904166667;8;NA
0-EU-ES-28-07-001-079-19;200903;UN;SALE;2196.207705371087;308382.58208333334;9;NA
0-EU-ES-28-07-001-079-19;200906;UN;SALE;2175.3808731651243;314300.6583333334;6;80
0-EU-ES-28-07-001-079-19;200606;UN;RENT;8.393966662810893;521.5300875065067;0;NA
0-EU-ES-28-07-001-079-19;200609;UN;RENT;9.260182803617681;447.3009666788434;0;NA
0-EU-ES-28-07-001-079-19;200612;UN;RENT;9.260182803617681;455.052863962732;0;NA
0-EU-ES-28-07-001-079-19;200703;UN;RENT;9.260182803617681;470.556658530509;0;NA
0-EU-ES-28-07-001-079-19;200706;UN;RENT;9.260182803617681;478.30855581439755;0;NA
0-EU-ES-28-07-001-079-19;200709;UN;RENT;10.153080223656776;505.93499826229817;0;NA
0-EU-ES-28-07-001-079-19;200712;UN;RENT;10.012714658625828;622.1053956797747;0;NA
0-EU-ES-28-07-001-079-19;200803;UN;RENT;8.274591441740206;622.1053956797747;0;NA
0-EU-ES-28-07-001-079-19;200806;UN;RENT;8.050773263865121;556.9632582852075;0;NA
0-EU-ES-28-07-001-079-19;200809;UN;RENT;8.30799713993052;659.9312556152458;0;NA
0-EU-ES-28-07-001-079-19;200812;UN;RENT;7.5697312099246314;744.1777988852771;0;NA
0-EU-ES-28-07-001-079-19;200903;UN;RENT;7.150625126142396;748.8581624002786;0;NA
0-EU-ES-28-07-001-079-19;200906;UN;RENT;7.542585318242052;772.2599799752876;0;NA
0-EU-ES-28-07-001-079-20;200606;PL;SALE;3357.77811587147;263875;5;81
0-EU-ES-28-07-001-079-20;200609;PL;SALE;2651.742129178838;236625;7;85
0-EU-ES-28-07-001-079-20;200612;PL;SALE;3054.3830400526813;248556.875;12;89
0-EU-ES-28-07-001-079-20;200703;PL;SALE;3390.5802258403364;254931.875;24;95
0-EU-ES-28-07-001-079-20;200706;PL;SALE;3369.3957457983197;251250;37;94
0-EU-ES-28-07-001-079-20;200709;PL;SALE;3336.9367559523807;254375;50;96
0-EU-ES-28-07-001-079-20;200712;PL;SALE;3370.6710695172565;251375;64;98
0-EU-ES-28-07-001-079-20;200803;PL;SALE;3333.6113427856544;238172.5;84;101
0-EU-ES-28-07-001-079-20;200806;PL;SALE;3246.9405594405594;227922.5;104;101
0-EU-ES-28-07-001-079-20;200809;PL;SALE;3222.7264557872036;233e3;122;102
0-EU-ES-28-07-001-079-20;200812;PL;SALE;3143.575423892269;239375;148;103
0-EU-ES-28-07-001-079-20;200903;PL;SALE;3095.4650147090642;239375;180;104
0-EU-ES-28-07-001-079-20;200906;PL;SALE;3122.4806819686337;238e3;208;105
0-EU-ES-28-07-001-079-20;200606;PL;RENT;13.48148148148148;861.3904754272447;3;NA
0-EU-ES-28-07-001-079-20;200609;PL;RENT;13.165509259259256;754.0648029310136;3;NA
0-EU-ES-28-07-001-079-20;200612;PL;RENT;13.001671810699586;741.8478260869564;4;NA
0-EU-ES-28-07-001-079-20;200703;PL;RENT;13.001671810699586;850.2717391304346;5;NA
0-EU-ES-28-07-001-079-20;200706;PL;RENT;12.443287037037035;800.815217391304;7;NA
0-EU-ES-28-07-001-079-20;200709;PL;RENT;13.951210826210826;781.5217391304345;6;73
0-EU-ES-28-07-001-079-20;200712;PL;RENT;13.951210826210826;787.5;6;90
0-EU-ES-28-07-001-079-20;200803;PL;RENT;11.984767025089607;756.25;10;87
0-EU-ES-28-07-001-079-20;200806;PL;RENT;11.68510096558748;781.25;12;83
0-EU-ES-28-07-001-079-20;200809;PL;RENT;11.799933540097474;812.5;16;91
0-EU-ES-28-07-001-079-20;200812;PL;RENT;12.115563839701771;820;22;91
0-EU-ES-28-07-001-079-20;200903;PL;RENT;11.772187676653477;807.5;30;92
0-EU-ES-28-07-001-079-20;200906;PL;RENT;11.809133489461358;787.5;36;90
0-EU-ES-28-07-001-079-20;200606;UN;SALE;3256.1978555500464;695779.2677220193;2;NA
0-EU-ES-28-07-001-079-20;200609;UN;SALE;3161.390707241205;703971.2842291098;2;NA
0-EU-ES-28-07-001-079-20;200612;UN;SALE;2920.830642077024;813817.1768983819;3;NA
0-EU-ES-28-07-001-079-20;200703;UN;SALE;2792.3458802608193;811519.556410244;4;NA
0-EU-ES-28-07-001-079-20;200706;UN;SALE;2812.7963841138135;804167.1708482029;6;NA
0-EU-ES-28-07-001-079-20;200709;UN;SALE;2700.4840940525596;675631.2059122393;5;76
0-EU-ES-28-07-001-079-20;200712;UN;SALE;2645.0520833333335;542500;4;74
0-EU-ES-28-07-001-079-20;200803;UN;SALE;2793.9026580459768;696250;6;79
0-EU-ES-28-07-001-079-20;200806;UN;SALE;2931.0344827586205;787500;9;81
0-EU-ES-28-07-001-079-20;200809;UN;SALE;2958.0797836375928;756250;10;82
0-EU-ES-28-07-001-079-20;200812;UN;SALE;3089.7847644805047;818750;10;81
0-EU-ES-28-07-001-079-20;200903;UN;SALE;3089.7847644805047;85e4;12;82
0-EU-ES-28-07-001-079-20;200906;UN;SALE;3023.9322740590487;85e4;14;83
0-EU-ES-28-07-001-079-20;200606;UN;RENT;9.55554308999477;2161.5665991462874;0;NA
0-EU-ES-28-07-001-079-20;200609;UN;RENT;10.54162821413517;1853.9118883084038;0;NA
0-EU-ES-28-07-001-079-20;200612;UN;RENT;10.54162821413517;1886.040892272451;0;NA
0-EU-ES-28-07-001-079-20;200703;UN;RENT;10.54162821413517;1950.2989002005447;1;NA
0-EU-ES-28-07-001-079-20;200706;UN;RENT;10.54162821413517;1982.4279041645914;1;NA
0-EU-ES-28-07-001-079-20;200709;UN;RENT;11.558086834340312;2096.930205525822;1;NA
0-EU-ES-28-07-001-079-20;200712;UN;RENT;11.398297159341109;2578.4173850436;1;NA
0-EU-ES-28-07-001-079-20;200803;UN;RENT;9.419648451066504;2578.4173850436;1;NA
0-EU-ES-28-07-001-079-20;200806;UN;RENT;9.164857798575003;2308.425160697889;1;NA
0-EU-ES-28-07-001-079-20;200809;UN;RENT;9.457676906662254;2735.1928374655663;1;NA
0-EU-ES-28-07-001-079-20;200812;UN;RENT;8.617248037996244;3084.366391184575;2;NA
0-EU-ES-28-07-001-079-20;200903;UN;RENT;8.1401450896842;3103.764921946743;3;NA
0-EU-ES-28-07-001-079-20;200906;UN;RENT;8.586345635340964;3200.757575757577;3;NA
0-EU-ES-28-07-001-079-21;200606;PL;SALE;3147.0134996870756;345162.09262435674;4;71
0-EU-ES-28-07-001-079-21;200609;PL;SALE;2661.2903225806454;33e4;3;73
0-EU-ES-28-07-001-079-21;200612;PL;SALE;3220.3752468729426;330250;4;78
0-EU-ES-28-07-001-079-21;200703;PL;SALE;3896.6745300270645;367125;6;85
0-EU-ES-28-07-001-079-21;200706;PL;SALE;3895.833333333333;404375;10;88
0-EU-ES-28-07-001-079-21;200709;PL;SALE;3752.450980392157;382500;14;87
0-EU-ES-28-07-001-079-21;200712;PL;SALE;3752.450980392157;355e3;18;89
0-EU-ES-28-07-001-079-21;200803;PL;SALE;3707.070707070707;340500;29;94
0-EU-ES-28-07-001-079-21;200806;PL;SALE;3465.400336700337;335250;37;95
0-EU-ES-28-07-001-079-21;200809;PL;SALE;3421.7720899470896;335250;41;95
0-EU-ES-28-07-001-079-21;200812;PL;SALE;3552.6349548440066;330500;44;96
0-EU-ES-28-07-001-079-21;200903;PL;SALE;3615.7437210777725;330250;47;97
0-EU-ES-28-07-001-079-21;200906;PL;SALE;3484.8808561808564;330250;52;99
0-EU-ES-28-07-001-079-21;200606;PL;RENT;12.900282522585393;1132.113196275807;2;NA
0-EU-ES-28-07-001-079-21;200609;PL;RENT;12.5979321509623;991.0565981379034;2;NA
0-EU-ES-28-07-001-079-21;200612;PL;RENT;12.441157884194773;974.9999999999995;3;NA
0-EU-ES-28-07-001-079-21;200703;PL;RENT;12.44115788419477;1117.4999999999995;4;NA
0-EU-ES-28-07-001-079-21;200706;PL;RENT;11.906845587252368;1052.4999999999993;6;NA
0-EU-ES-28-07-001-079-21;200709;PL;RENT;11.487798580967727;959.9999999999993;7;NA
0-EU-ES-28-07-001-079-21;200712;PL;RENT;10.85953806850415;912.4999999999995;9;NA
0-EU-ES-28-07-001-079-21;200803;PL;RENT;10.804862832477212;873.9999999999998;13;NA
0-EU-ES-28-07-001-079-21;200806;PL;RENT;11.131880483836458;881.4999999999995;17;NA
0-EU-ES-28-07-001-079-21;200809;PL;RENT;9.894554260720861;953.8749999999995;12;83
0-EU-ES-28-07-001-079-21;200812;PL;RENT;9.22058080808081;994.125;4;76
0-EU-ES-28-07-001-079-21;200903;PL;RENT;10.52863005050505;910.25;8;85
0-EU-ES-28-07-001-079-21;200906;PL;RENT;11.489583333333334;862.5;10;85
0-EU-ES-28-07-001-079-21;200606;UN;SALE;3260.7591228256483;591457.0701669822;1;NA
0-EU-ES-28-07-001-079-21;200609;UN;SALE;3165.819169090893;598420.81040303;2;NA
0-EU-ES-28-07-001-079-21;200612;UN;SALE;2924.922128471987;691796.8750000005;3;NA
0-EU-ES-28-07-001-079-21;200703;UN;SALE;3057.5722946893593;765000.0000000001;4;82
0-EU-ES-28-07-001-079-21;200706;UN;SALE;3356.3580729166665;902500;4;83
0-EU-ES-28-07-001-079-21;200709;UN;SALE;3078.4801136363635;902500;6;86
0-EU-ES-28-07-001-079-21;200712;UN;SALE;3005.9185606060605;875e3;7;84
0-EU-ES-28-07-001-079-21;200803;UN;SALE;3447.561553030303;857500;10;88
0-EU-ES-28-07-001-079-21;200806;UN;SALE;3353.456439393939;795e3;13;89
0-EU-ES-28-07-001-079-21;200809;UN;SALE;3150.098536036036;857500;16;92
0-EU-ES-28-07-001-079-21;200812;UN;SALE;3339.7804054054054;966250;18;91
0-EU-ES-28-07-001-079-21;200903;UN;SALE;3405.8277027027025;994500;18;92
0-EU-ES-28-07-001-079-21;200906;UN;SALE;3339.1203703703704;960750;20;91
0-EU-ES-28-07-001-079-21;200606;UN;RENT;10.989828505658304;2005.0551905179889;0;NA
0-EU-ES-28-07-001-079-21;200609;UN;RENT;12.123924841598711;1719.6766714862642;0;NA
0-EU-ES-28-07-001-079-21;200612;UN;RENT;12.123924841598711;1749.4793276661517;1;NA
0-EU-ES-28-07-001-079-21;200703;UN;RENT;12.123924841598711;1809.0846400259265;1;NA
0-EU-ES-28-07-001-079-21;200706;UN;RENT;12.123924841598711;1838.887296205814;1;NA
0-EU-ES-28-07-001-079-21;200709;UN;RENT;13.292953730270565;1945.0988900383916;1;NA
0-EU-ES-28-07-001-079-21;200712;UN;RENT;13.10917965184536;2391.7232821997413;1;NA
0-EU-ES-28-07-001-079-21;200803;UN;RENT;10.833536104211884;2391.7232821997413;1;NA
0-EU-ES-28-07-001-079-21;200806;UN;RENT;10.540501417501272;2141.2802419354853;2;NA
0-EU-ES-28-07-001-079-21;200809;UN;RENT;10.87727262461646;2537.147177419356;2;NA
0-EU-ES-28-07-001-079-21;200812;UN;RENT;9.91069552367547;2861.0383064516136;2;NA
0-EU-ES-28-07-001-079-21;200903;UN;RENT;9.361979502815977;2879.0322580645166;3;NA
0-EU-ES-28-07-001-079-21;200906;UN;RENT;9.875154675562925;2969.002016129032;4;NA
